sku_id,candidate_source,candidate_model,mean_rolling_3m_wmape_percent,recommended_model,recommended_mean_rolling_3m_wmape_percent,delta_champion_minus_06
01550M0612A,08_tuned_capped_regression,Hurdle Random Forest threshold 0.35,100.0,Recent Mean 6m,220.0,-120.0
021620616A000,08_tuned_capped_regression,Hurdle Random Forest threshold 0.25,100.0,TSB,109.05279482586448,-9.052794825864481
083100012A000,08_tuned_capped_regression,Hurdle Random Forest threshold 0.15,100.0,TSB,112.79530792667116,-12.795307926671157
083161010A000,06_intermittent_tournament,Recent Mean 6m,100.0,Recent Mean 6m,100.0,0.0
083313124A000,06_intermittent_tournament,SBA Croston,105.50993883040388,SBA Croston,105.50993883040388,0.0
0911605023000,06_intermittent_tournament,SBA Croston,106.79012345679013,SBA Croston,106.79012345679013,0.0
0911912006XC0,06_intermittent_tournament,Hurdle Random Forest,117.07405948219984,Hurdle Random Forest,117.07405948219984,0.0
0911912007000,08_tuned_capped_regression,Hurdle Random Forest threshold 0.15,98.10452370105271,TSB,125.12686005406016,-27.022336353007447
09136M05078000,08_tuned_capped_regression,Hurdle XGBoost threshold 0.10,106.40966103953143,Aggregate Allocation,124.12701222845288,-17.717351188921455
0914016023000,06_intermittent_tournament,SBA Croston,100.4040948275862,SBA Croston,100.4040948275862,0.0
0914806007000,08_tuned_capped_regression,Hurdle Random Forest threshold 0.25,100.0,TSB,110.17874374385477,-10.178743743854767
09148M06022000,08_tuned_capped_regression,Hurdle Random Forest threshold 0.25,100.0,TSB,115.4961198019276,-15.496119801927605
0915912024000,06_intermittent_tournament,Recent Mean 6m,100.0,Recent Mean 6m,100.0,0.0
0915912051000,06_intermittent_tournament,Aggregate Allocation,100.0,Aggregate Allocation,100.0,0.0
0915912079000,08_tuned_capped_regression,Hurdle Random Forest threshold 0.35,100.0,Aggregate Allocation,150.6044925625158,-50.60449256251579
0915912L02000,07_clean_regression,Direct XGBoost Tweedie,105.29477866668904,Hurdle Random Forest,111.71387901517964,-6.419100348490602
0915918022000,08_tuned_capped_regression,Extra Trees log1p leaf10 sqrt,120.88266556746517,SBA Croston,122.2686991950388,-1.3860336275736387
0915918024000,08_tuned_capped_regression,Hurdle Random Forest threshold 0.35,100.0,Recent Mean 6m,113.40579710144928,-13.40579710144928
0915924009000,08_tuned_capped_regression,Hurdle Random Forest threshold 0.25,100.0,SBA Croston Tuned,113.1510253736531,-13.151025373653098
0916435003000,08_tuned_capped_regression,Hurdle Random Forest threshold 0.15,100.0,SBA Croston,107.45206859977256,-7.452068599772559
0924130010000,08_tuned_capped_regression,XGBoost Tweedie depth2 reg20 cap15,99.33436350944771,Recent Mean 6m,100.96371882086169,-1.629355311413974
0928017002000,08_tuned_capped_regression,Random Forest log1p leaf2 sqrt,89.33176682856609,SBA Croston,105.9313875614176,-16.599620732851506
0928022020000,08_tuned_capped_regression,Hurdle Random Forest threshold 0.15,97.21079518141279,SBA Croston,110.4695997995604,-13.258804618147607
0928056004000,08_tuned_capped_regression,Random Forest log1p leaf2 sqrt,76.9081463853982,SBA Croston,161.36003447425952,-84.45188808886132
0928314005000,08_tuned_capped_regression,Hurdle Random Forest threshold 0.35,100.0,TSB,116.53162313228395,-16.531623132283954
0928326016000,06_intermittent_tournament,SBA Croston,110.77725695102968,SBA Croston,110.77725695102968,0.0
0928335036000,06_intermittent_tournament,Recent Mean 6m,100.67632850241546,Recent Mean 6m,100.67632850241546,0.0
0928340021000,06_intermittent_tournament,SBA Croston,97.62065866977248,SBA Croston,97.62065866977248,0.0
0928340027000,06_intermittent_tournament,SBA Croston,94.81371497465952,SBA Croston,94.81371497465952,0.0
0928345012000,08_tuned_capped_regression,XGBoost Tweedie depth2 reg20 cap15,86.18390394724725,SBA Croston,93.9853749482804,-7.80147100103315
0928906003000,06_intermittent_tournament,SBA Croston,91.8336497467921,SBA Croston,91.8336497467921,0.0
0928948004000,08_tuned_capped_regression,Hurdle Random Forest threshold 0.35,104.39529805348529,TSB,108.52680569645196,-4.1315076429666675
0930508011000,06_intermittent_tournament,Recent Mean 6m,100.0,Recent Mean 6m,100.0,0.0
0931912047000,08_tuned_capped_regression,XGBoost Tweedie depth2 reg20 cap15,98.76652922376805,Hurdle Random Forest,110.47207562493324,-11.705546401165194
0932010024000,08_tuned_capped_regression,Random Forest log1p leaf2 sqrt,109.55422964874732,Recent Mean 6m,129.41683919944788,-19.862609550700554
0938019004000,06_intermittent_tournament,Seasonal SBA Croston,122.04080328296492,Seasonal SBA Croston,122.04080328296492,0.0
0938168001000,08_tuned_capped_regression,Hurdle Random Forest threshold 0.35,100.0,Recent Mean 6m,104.71544715447156,-4.715447154471562
0940307333000,08_tuned_capped_regression,Extra Trees log1p leaf5 half features,125.58540162178947,SBA Croston,127.04781395639108,-1.4624123346016091
09403M07311000,08_tuned_capped_regression,Random Forest log1p leaf2 sqrt,73.8705337659811,SBA Croston,93.6345312186126,-19.7639974526315
09409063095ES,08_tuned_capped_regression,Hurdle Random Forest threshold 0.15,100.0,Recent Mean 6m,113.28333333333332,-13.283333333333317
09409063145PK,08_tuned_capped_regression,Hurdle Random Forest threshold 0.35,106.7394859600588,TSB,162.27264141978446,-55.53315545972566
0940906322000,06_intermittent_tournament,Aggregate Allocation,100.0,Aggregate Allocation,100.0,0.0
09409073255PK,07_clean_regression,Direct Hist Gradient Poisson,106.64011033949402,Recent Mean 6m,107.12962962962963,-0.48951929013561823
0940907332000,08_tuned_capped_regression,Random Forest log1p leaf2 sqrt,80.07224443040158,SBA Croston,350.62074127654734,-270.5484968461458
0940908322000,08_tuned_capped_regression,Hurdle Random Forest threshold 0.35,100.0,Aggregate Allocation,179.14737868105124,-79.14737868105124
0940908327000,08_tuned_capped_regression,Random Forest log1p leaf2 sqrt,79.00786491982475,SBA Croston,95.56909305595627,-16.56122813613152
0940908352000,08_tuned_capped_regression,Hist Poisson lr02 nodes15 reg30,95.61523059461345,Aggregate Allocation,100.0,-4.38476940538655
0940909309000,08_tuned_capped_regression,Hurdle XGBoost threshold 0.30,100.38892914549602,TSB,135.80999980377433,-35.42107065827831
0940910313000,08_tuned_capped_regression,Hurdle Random Forest threshold 0.35,100.0,Recent Mean 6m,117.33333333333331,-17.333333333333314
0940910318000,08_tuned_capped_regression,Hurdle Random Forest threshold 0.35,100.0,TSB,142.35940579904215,-42.35940579904215
0940915304000,08_tuned_capped_regression,Hurdle XGBoost threshold 0.30,105.59322191994117,SBA Croston,111.94734806200675,-6.3541261420655815
09409M06L05000,08_tuned_capped_regression,Random Forest log1p leaf2 sqrt,100.04139922104417,Recent Mean 6m,123.21428571428572,-23.17288649324155
09409M07308P4Z,08_tuned_capped_regression,Random Forest log1p leaf2 sqrt,99.94053969313966,TSB,107.51278181664536,-7.572242123505703
09409M07308R8J,08_tuned_capped_regression,Hurdle XGBoost threshold 0.10,100.0,SBA Croston,122.60044642857144,-22.600446428571445
09409M07L025PK,08_tuned_capped_regression,Extra Trees log1p leaf10 sqrt,115.22084289463076,SBA Croston,327.2157594212734,-211.9949165266426
09409M08308R8J,08_tuned_capped_regression,Hist Poisson lr03 nodes15 reg20,88.49052455377682,SBA Croston Tuned,121.9917162748228,-33.501191721045984
09409M15L01000,08_tuned_capped_regression,Extra Trees log1p leaf10 sqrt,105.56749589392548,SBA Croston,114.97290275590898,-9.405406861983494
0944829004000,06_intermittent_tournament,SBA Croston,100.0,SBA Croston,100.0,0.0
0947112236000,06_intermittent_tournament,SBA Croston,104.69393392843922,SBA Croston,104.69393392843922,0.0
09471M12182000,08_tuned_capped_regression,XGBoost Tweedie depth2 reg20 cap15,108.35183625818351,TSB,121.80537930492947,-13.453543046745963
1161054G30000,08_tuned_capped_regression,Hurdle XGBoost threshold 0.30,104.52028263241647,SBA Croston,113.87252059060457,-9.352237958188098
1161060R00000,08_tuned_capped_regression,Hurdle Random Forest threshold 0.35,100.0,SBA Croston,100.4047876888002,-0.404787688800198
1161061M01000,08_tuned_capped_regression,Hurdle Random Forest threshold 0.25,100.0,TSB,114.064341575738,-14.064341575737998
1161073K00000,06_intermittent_tournament,SBA Croston,132.93465584921313,SBA Croston,132.93465584921313,0.0
11610M65L00000,06_intermittent_tournament,SBA Croston,104.44284675084516,SBA Croston,104.44284675084516,0.0
11610M67P10000,08_tuned_capped_regression,Extra Trees log1p leaf10 sqrt,84.271703012899,SBA Croston,87.9144297652408,-3.642726752341801
11610M76M00000,06_intermittent_tournament,SBA Croston,108.8134192604322,SBA Croston,108.8134192604322,0.0
11610M79F30000,06_intermittent_tournament,SBA Croston,146.53175299394098,SBA Croston,146.53175299394098,0.0
11610M79G50000,08_tuned_capped_regression,Extra Trees log1p leaf5 sqrt,119.08781966766392,SBA Croston,120.01803273629226,-0.9302130686283334
11620M65L10000,06_intermittent_tournament,SBA Croston,137.73621196695427,SBA Croston,137.73621196695427,0.0
11620M67P00000,08_tuned_capped_regression,Extra Trees log1p leaf2 sqrt,128.37331642543336,SBA Croston,133.60361064635396,-5.230294220920598
11620M68K00000,06_intermittent_tournament,SBA Croston,96.90507607248897,SBA Croston,96.90507607248897,0.0
11620M76M00000,08_tuned_capped_regression,Random Forest log1p leaf2 sqrt,92.34348739037044,SBA Croston,106.97627243829618,-14.632785047925736
11620M79F40000,06_intermittent_tournament,SBA Croston,107.1644529495021,SBA Croston,107.1644529495021,0.0
11710M65L00000,06_intermittent_tournament,SBA Croston,95.23220709969296,SBA Croston,95.23220709969296,0.0
11710M68K00000,06_intermittent_tournament,SBA Croston,100.34556164031667,SBA Croston,100.34556164031667,0.0
11710M68K10000,08_tuned_capped_regression,Extra Trees log1p leaf5 half features,114.78559230731308,TSB,121.0153581085094,-6.229765801196322
11710M76M00000,06_intermittent_tournament,SBA Croston,112.88557841785412,SBA Croston,112.88557841785412,0.0
11710M79F70000,06_intermittent_tournament,SBA Croston,113.6148828228906,SBA Croston,113.6148828228906,0.0
11710M79F80000,06_intermittent_tournament,SBA Croston,112.56931687780757,SBA Croston,112.56931687780757,0.0
1172080JA0000,08_tuned_capped_regression,Hurdle XGBoost threshold 0.20,107.65381052595599,TSB,116.61365976220044,-8.959849236244452
1194152R00000,06_intermittent_tournament,SBA Croston,100.0,SBA Croston,100.0,0.0
13870M71L00000,06_intermittent_tournament,Hurdle Random Forest,100.0,Hurdle Random Forest,100.0,0.0
1428180JA0000,06_intermittent_tournament,SBA Croston,102.76778015328377,SBA Croston,102.76778015328377,0.0
1435772J00000,08_tuned_capped_regression,Hurdle Random Forest threshold 0.15,100.0,Hurdle Random Forest,114.50233652124037,-14.502336521240366
1591063A0V000,06_intermittent_tournament,Recent Mean 6m,101.85185185185183,Recent Mean 6m,101.85185185185183,0.0
15910M79GB1000,08_tuned_capped_regression,Extra Trees log1p leaf5 half features,112.56707398614438,SBA Croston,128.28645863246155,-15.719384646317167
15910M79GC0000,08_tuned_capped_regression,XGBoost Tweedie depth2 reg20 cap15,93.77233720025127,SBA Croston,144.63447189633342,-50.86213469608215
1711279P01000,06_intermittent_tournament,SBA Croston,119.42473327498072,SBA Croston,119.42473327498072,0.0
1770054P30000,08_tuned_capped_regression,Random Forest log1p leaf2 sqrt,75.29818488031076,SBA Croston Tuned,94.47201932293493,-19.17383444262417
1770079P21000,06_intermittent_tournament,SBA Croston,99.62675009107028,SBA Croston,99.62675009107028,0.0
1770080J00000,06_intermittent_tournament,SBA Croston,100.0,SBA Croston,100.0,0.0
1770081P00000,06_intermittent_tournament,SBA Croston,114.17845988967692,SBA Croston,114.17845988967692,0.0
17700M50U00000,06_intermittent_tournament,Aggregate Allocation,101.15317057226464,Aggregate Allocation,101.15317057226464,0.0
17700M60M00000,06_intermittent_tournament,SBA Croston,90.61974753113562,SBA Croston,90.61974753113562,0.0
17700M67L00000,06_intermittent_tournament,SBA Croston,97.69714316727428,SBA Croston,97.69714316727428,0.0
17700M67P00000,08_tuned_capped_regression,Extra Trees log1p leaf10 sqrt,92.8738350795398,SBA Croston,94.4135533172886,-1.5397182377488008
17700M79F02000,06_intermittent_tournament,SBA Croston,114.370036208823,SBA Croston,114.370036208823,0.0
1776071L00000,06_intermittent_tournament,SBA Croston,118.78681156732964,SBA Croston,118.78681156732964,0.0
17760M67P00000,08_tuned_capped_regression,Random Forest log1p leaf2 sqrt,76.71380750009807,Seasonal SBA Croston,83.06157266730968,-6.347765167211605
1781254G00000,06_intermittent_tournament,SBA Croston,94.93936110626824,SBA Croston,94.93936110626824,0.0
17861M68P00000,08_tuned_capped_regression,Hurdle Random Forest threshold 0.15,88.8508743414642,SBA Croston,94.97993571311832,-6.129061371654117
1787880G00000,08_tuned_capped_regression,Hurdle XGBoost threshold 0.30,105.45321949535912,Recent Mean 6m,131.59722222222226,-26.144002726863135
17878M74L00000,08_tuned_capped_regression,XGBoost Tweedie depth2 reg20 cap15,59.52667827216645,SBA Croston,86.0367604528325,-26.510082180666046
17920M76M00000,08_tuned_capped_regression,Hurdle XGBoost threshold 0.10,77.64063214173699,SBA Croston,91.69569043118273,-14.05505828944574
1793160A10000,08_tuned_capped_regression,Hurdle XGBoost threshold 0.30,99.6278698988901,TSB,110.83884946913932,-11.210979570249222
1793161M10000,08_tuned_capped_regression,Hurdle XGBoost threshold 0.20,112.27857431799484,SBA Croston,121.05036018100564,-8.771785863010805
1793163J01000,06_intermittent_tournament,SBA Croston,108.03488864150684,SBA Croston,108.03488864150684,0.0
1793165D00000,06_intermittent_tournament,SBA Croston,138.53403084837936,SBA Croston,138.53403084837936,0.0
1793168P00000,08_tuned_capped_regression,Hurdle Random Forest threshold 0.35,100.0,TSB,108.8159239224767,-8.8159239224767
17931M71P00000,06_intermittent_tournament,SBA Croston,89.25852198203832,SBA Croston,89.25852198203832,0.0
1793276G00000,06_intermittent_tournament,SBA Croston,105.91451034055856,SBA Croston,105.91451034055856,0.0
2371081A40000,06_intermittent_tournament,Hurdle Random Forest,100.0,Hurdle Random Forest,100.0,0.0
27431M79F00000,06_intermittent_tournament,SBA Croston,95.07766689898178,SBA Croston,95.07766689898178,0.0
2811380J015PK,08_tuned_capped_regression,Extra Trees log1p leaf5 half features,92.78945871794423,TSB,98.76676912604704,-5.9773104081028094
28113M62S015PK,08_tuned_capped_regression,Hurdle XGBoost threshold 0.20,100.0,SBA Croston,102.1954826581066,-2.1954826581065987
2818060B00000,06_intermittent_tournament,Recent Mean 6m,100.68627450980392,Recent Mean 6m,100.68627450980392,0.0
2818084A20000,08_tuned_capped_regression,Random Forest log1p leaf2 sqrt,113.90885555908172,SBA Croston,121.96390917834589,-8.055053619264172
2824178K00000,08_tuned_capped_regression,Extra Trees log1p leaf10 sqrt,168.32672552741164,SBA Croston,172.02635747335077,-3.6996319459391316
28300M55R42000,08_tuned_capped_regression,Extra Trees log1p leaf5 half features,115.8455343080702,SBA Croston,120.3104332070256,-4.464898898955397
2961081A00000,06_intermittent_tournament,Hurdle Random Forest,100.54560824666127,Hurdle Random Forest,100.54560824666127,0.0
33690M60M00000,06_intermittent_tournament,SBA Croston,90.1644029589774,SBA Croston,90.1644029589774,0.0
3495561M00000,08_tuned_capped_regression,Hurdle Random Forest threshold 0.15,87.67169551880019,SBA Croston,100.0,-12.328304481199808
3512052R21000,06_intermittent_tournament,SBA Croston,104.42304400200068,SBA Croston,104.42304400200068,0.0
3512052S10000,07_clean_regression,Direct Random Forest,70.53696265435858,Recent Mean 6m,71.13167898278193,-0.5947163284233596
3512062R60000,08_tuned_capped_regression,Extra Trees log1p leaf5 half features,116.68891972952272,SBA Croston,116.90064875127804,-0.2117290217553176
3512065J12000,08_tuned_capped_regression,Hurdle Random Forest threshold 0.35,100.0,Recent Mean 6m,114.3162393162393,-14.316239316239304
3512080G21000,08_tuned_capped_regression,Random Forest log1p leaf2 sqrt,77.06258521833537,SBA Croston,102.24121779013876,-25.17863257180339
3512150A30000,08_tuned_capped_regression,Hurdle Random Forest threshold 0.35,104.30475059790882,Recent Mean 6m,104.47971781305114,-0.17496721514231695
35121M66L10000,06_intermittent_tournament,SBA Croston,99.24022441039536,SBA Croston,99.24022441039536,0.0
35121M73T10000,08_tuned_capped_regression,Hist Poisson lr03 nodes15 reg20,92.70353951412197,Aggregate Allocation,100.0,-7.296460485878029
3515365J00000,08_tuned_capped_regression,Random Forest log1p leaf2 sqrt,112.79206943598705,SBA Croston,126.36718730935198,-13.575117873364931
3515379P00000,08_tuned_capped_regression,Extra Trees log1p leaf5 half features,122.48583091515282,SBA Croston,123.54048558195144,-1.0546546667986263
35153M59K20000,06_intermittent_tournament,SBA Croston,112.02641343849244,SBA Croston,112.02641343849244,0.0
35153M75L00000,08_tuned_capped_regression,Random Forest log1p leaf2 sqrt,87.58013356327712,SBA Croston,106.6537907674153,-19.073657204138186
3526779P00000,08_tuned_capped_regression,Hurdle Random Forest threshold 0.15,100.0,Recent Mean 6m,104.16666666666669,-4.166666666666686
3532052R20000,06_intermittent_tournament,SBA Croston,112.17223923936342,SBA Croston,112.17223923936342,0.0
3532065D41000,08_tuned_capped_regression,Hurdle Random Forest threshold 0.15,100.0,Recent Mean 6m,107.85714285714286,-7.857142857142861
3532077R10000,08_tuned_capped_regression,Random Forest log1p leaf2 sqrt,87.07671876539165,SBA Croston,99.9772518214873,-12.900533056095654
3532080G21000,08_tuned_capped_regression,Random Forest log1p leaf2 sqrt,79.15711595029632,SBA Croston,114.39909064146056,-35.241974691164245
35321M60M10000,08_tuned_capped_regression,Extra Trees log1p leaf10 sqrt,78.79171751463812,SBA Croston,86.36347573897731,-7.571758224339192
35321M66L10000,06_intermittent_tournament,SBA Croston,119.31908019608493,SBA Croston,119.31908019608493,0.0
3550065P02000,08_tuned_capped_regression,XGBoost Tweedie depth2 reg20 cap15,107.7002748658939,SBA Croston,108.2988079310563,-0.5985330651623997
35501M75T00000,06_intermittent_tournament,Aggregate Allocation,100.0,Aggregate Allocation,100.0,0.0
35502M75T00000,06_intermittent_tournament,Aggregate Allocation,100.0,Aggregate Allocation,100.0,0.0
3552686R20000,08_tuned_capped_regression,Hurdle XGBoost threshold 0.10,76.25574975907323,TSB,83.39930989957396,-7.143560140500739
35601M74TA0000,08_tuned_capped_regression,Random Forest log1p leaf2 sqrt,30.295809243903406,Boosted SBA Hybrid,93.27427057457184,-62.97846133066844
35602M73T00000,08_tuned_capped_regression,Hist Poisson lr05 nodes31 reg05,98.68777697171448,Aggregate Allocation,100.0,-1.3122230282855156
35603M79G30000,06_intermittent_tournament,SBA Croston,121.1685860788054,SBA Croston,121.1685860788054,0.0
3560461J10000,08_tuned_capped_regression,Extra Trees log1p leaf5 half features,107.63613623629718,SBA Croston,115.15015635484266,-7.5140201185454885
35604M84400000,08_tuned_capped_regression,Random Forest log1p leaf2 sqrt,125.86434576793674,SBA Croston,139.67703027081362,-13.812684502876877
35612M60B50000,08_tuned_capped_regression,Hurdle Random Forest threshold 0.15,100.0,TSB,103.1704694611199,-3.170469461119893
3565050J10000,08_tuned_capped_regression,Hurdle Random Forest threshold 0.25,100.0,Hurdle Random Forest,102.6179508370776,-2.6179508370776006
35650M53T00000,08_tuned_capped_regression,Random Forest log1p leaf2 sqrt,14.780372397807362,TSB,93.28947802197804,-78.50910562417067
35650M60M00000,06_intermittent_tournament,SBA Croston,117.79756972803594,SBA Croston,117.79756972803594,0.0
35651M79G40000,06_intermittent_tournament,SBA Croston Tuned,129.26931070880323,SBA Croston Tuned,129.26931070880323,0.0
35651M79M00000,08_tuned_capped_regression,Hist Poisson lr05 nodes31 reg05,94.178801581042,SBA Croston,99.61187392376482,-5.433072342722824
35670M76T00000,06_intermittent_tournament,TSB,93.08478299350573,TSB,93.08478299350573,0.0
35671M79G30000,06_intermittent_tournament,SBA Croston,112.4411969066358,SBA Croston,112.4411969066358,0.0
35671M79G40000,06_intermittent_tournament,SBA Croston,107.98770982214585,SBA Croston,107.98770982214585,0.0
3570186R00000,08_tuned_capped_regression,Random Forest log1p leaf4 sqrt,72.40748892207574,TSB,86.06824636484093,-13.660757442765188
35701M76T00000,06_intermittent_tournament,Aggregate Allocation,99.4809351728494,Aggregate Allocation,99.4809351728494,0.0
3570273R10000,08_tuned_capped_regression,XGBoost Tweedie depth2 reg20 cap15,102.95066119611155,TSB,111.9766143997516,-9.025953203640043
35702M76T00000,06_intermittent_tournament,TSB,97.32129283468458,TSB,97.32129283468458,0.0
35750M53T01000,08_tuned_capped_regression,Random Forest log1p leaf2 sqrt,14.780372397807362,TSB,98.77541644863074,-83.99504405082337
35750M68P00000,08_tuned_capped_regression,Random Forest log1p leaf2 sqrt,114.67059982399496,Recent Mean 6m,118.24212271973468,-3.5715228957397187
35750M68P11000,08_tuned_capped_regression,Hurdle Random Forest threshold 0.25,100.0,Recent Mean 6m,102.33333333333331,-2.3333333333333144
35750M68P20000,08_tuned_capped_regression,XGBoost Tweedie depth2 reg20 cap15,92.52803017248532,Recent Mean 6m,109.52380952380952,-16.995779351324202
35750M73T00000,08_tuned_capped_regression,Hurdle XGBoost threshold 0.10,69.12092154979234,TSB,94.49843014128729,-25.377508591494944
3591075F31000,08_tuned_capped_regression,Random Forest log1p leaf2 sqrt,92.74757581057057,SBA Croston,105.53175497148594,-12.784179160915372
3591075F61000,08_tuned_capped_regression,Hurdle Random Forest threshold 0.35,100.0,TSB,104.360446638157,-4.360446638157001
35910M74L01000,06_intermittent_tournament,SBA Croston,81.50850854105656,SBA Croston,81.50850854105656,0.0
3611050A30000,08_tuned_capped_regression,Random Forest log1p leaf2 sqrt,130.45338496381441,Recent Mean 6m,149.65728715728713,-19.203902193472715
3613050A30000,08_tuned_capped_regression,Extra Trees log1p leaf5 half features,119.0417673444518,TSB,158.21827408270437,-39.17650673825257
36230M70CA1000,08_tuned_capped_regression,Hurdle Random Forest threshold 0.25,94.95854078634876,Recent Mean 6m,107.12851405622492,-12.169973269876152
36250M74T55000,08_tuned_capped_regression,Random Forest log1p leaf4 sqrt,77.61681134357383,Aggregate Allocation,100.0,-22.38318865642617
3627479P01000,06_intermittent_tournament,SBA Croston Tuned,88.34958026367312,SBA Croston Tuned,88.34958026367312,0.0
3641054G01000,06_intermittent_tournament,SBA Croston,115.50650384556978,SBA Croston,115.50650384556978,0.0
3641063J02000,06_intermittent_tournament,SBA Croston,104.51304144980148,SBA Croston,104.51304144980148,0.0
3641075F01000,08_tuned_capped_regression,Extra Trees log1p leaf5 half features,114.52665103584934,SBA Croston,116.10344126591592,-1.5767902300665781
36410M60B30000,06_intermittent_tournament,Hurdle Random Forest,100.0,Hurdle Random Forest,100.0,0.0
36410M67K10000,08_tuned_capped_regression,Extra Trees log1p leaf5 half features,86.53409753856012,SBA Croston,87.09162214232212,-0.5575246037620047
3641275F00000,08_tuned_capped_regression,Hurdle Random Forest threshold 0.15,100.0,Hurdle Random Forest,100.0,0.0
36430M76M00000,06_intermittent_tournament,TSB,101.899075376941,TSB,101.899075376941,0.0
3658054P00000,08_tuned_capped_regression,Hurdle Random Forest threshold 0.15,89.95980582069453,SBA Croston,109.06573578552104,-19.105929964826515
3658354P01000,08_tuned_capped_regression,Hurdle Random Forest threshold 0.15,74.87547059860556,TSB,81.11355667158898,-6.238086072983421
37019M79MK0000,08_tuned_capped_regression,Random Forest log1p leaf2 sqrt,93.48547148140365,SBA Croston,110.75839917056172,-17.272927689158067
37145M55B21000,08_tuned_capped_regression,Random Forest log1p leaf2 sqrt,79.47956145743203,SBA Croston,98.44337633510104,-18.96381487766901
37145M56R20000,06_intermittent_tournament,SBA Croston,120.73547704514708,SBA Croston,120.73547704514708,0.0
37145M66L00000,06_intermittent_tournament,SBA Croston,104.06243046686544,SBA Croston,104.06243046686544,0.0
37736M58R00000,08_tuned_capped_regression,Hurdle Random Forest threshold 0.15,86.42431769365763,SBA Croston,101.4964795022116,-15.072161808553972
37736M79M00000,08_tuned_capped_regression,Hurdle XGBoost threshold 0.30,103.74578414076662,SBA Croston,121.2685458988764,-17.52276175810978
3773773R00Z2S,08_tuned_capped_regression,Hurdle Random Forest threshold 0.15,83.11059237365662,SBA Croston,109.43444908748826,-26.323856713831645
38315M68K00000,06_intermittent_tournament,Recent Mean 6m,113.0892255892256,Recent Mean 6m,113.0892255892256,0.0
38330M68K01000,08_tuned_capped_regression,Hurdle Random Forest threshold 0.35,97.18589263860119,Recent Mean 6m,112.42937853107344,-15.24348589247225
3834062R30000,08_tuned_capped_regression,Hurdle Random Forest threshold 0.25,100.0,TSB,106.78474536697034,-6.784745366970341
38340M51K42000,08_tuned_capped_regression,Hurdle Random Forest threshold 0.25,82.54262302449163,TSB,88.44392676998376,-5.901303745492129
3834651K42000,08_tuned_capped_regression,XGBoost Tweedie depth2 reg20 cap15,70.40518941245341,SBA Croston,114.88135533904392,-44.47616592659051
3845061J12000,08_tuned_capped_regression,Hurdle Random Forest threshold 0.15,100.0,TSB,108.49153283194062,-8.491532831940617
3845062R00000,08_tuned_capped_regression,Random Forest log1p leaf2 sqrt,112.1676757346711,SBA Croston,114.0488013399045,-1.8811256052333931
3845065J10000,07_clean_regression,Direct XGBoost Tweedie,113.4732631099263,SBA Croston,113.84777095916652,-0.3745078492402314
3845071L10000,08_tuned_capped_regression,Extra Trees log1p leaf10 sqrt,72.60313456381377,SBA Croston Tuned,86.45002157679993,-13.846887012986159
38450M79M00000,08_tuned_capped_regression,Hist Poisson lr05 nodes31 reg05,97.20872021449654,SBA Croston,101.48344860872491,-4.274728394228376
38450M80T10000,08_tuned_capped_regression,Extra Trees log1p leaf5 sqrt,55.116939247423886,Aggregate Allocation,100.0,-44.883060752576114
38452M56R30000,06_intermittent_tournament,SBA Croston,103.45830996889136,SBA Croston,103.45830996889136,0.0
38452M65L00000,08_tuned_capped_regression,XGBoost Tweedie depth2 reg20 cap15,62.31158154945851,SBA Croston,88.10125077922854,-25.789669229770027
38452M68K00000,06_intermittent_tournament,Recent Mean 6m,122.26017943409248,Recent Mean 6m,122.26017943409248,0.0
38480M68P01000,08_tuned_capped_regression,Hurdle Random Forest threshold 0.35,97.05289300892812,TSB,123.72608589842706,-26.673192889498935
38500M55T01000,06_intermittent_tournament,Boosted SBA Hybrid,93.2088076955146,Boosted SBA Hybrid,93.2088076955146,0.0
3882151K02000,06_intermittent_tournament,SBA Croston,113.32714276880613,SBA Croston,113.32714276880613,0.0
3882165J00000,08_tuned_capped_regression,Hurdle Random Forest threshold 0.35,108.14623130910367,Recent Mean 6m,110.52009456264776,-2.373863253544087
38821M67P00000,06_intermittent_tournament,SBA Croston,99.02839862901313,SBA Croston,99.02839862901313,0.0
3910268L01000,08_tuned_capped_regression,Hurdle XGBoost threshold 0.20,101.39761851649205,SBA Croston,115.21027465787736,-13.812656141385318
39102M80T00000,06_intermittent_tournament,Aggregate Allocation,100.0,Aggregate Allocation,100.0,0.0
3925061J00000,08_tuned_capped_regression,Hurdle Random Forest threshold 0.15,92.43856150485576,SBA Croston,108.06887690317448,-15.630315398318729
39321M56R00000,06_intermittent_tournament,SBA Croston,116.81583747001456,SBA Croston,116.81583747001456,0.0
39321M67P00000,06_intermittent_tournament,SBA Croston,102.7711016967134,SBA Croston,102.7711016967134,0.0
39322M56R00000,06_intermittent_tournament,SBA Croston,133.73509183031575,SBA Croston,133.73509183031575,0.0
39322M67P00000,06_intermittent_tournament,SBA Croston,102.0406887063891,SBA Croston,102.0406887063891,0.0
39322M67P10000,06_intermittent_tournament,SBA Croston,108.82787682515394,SBA Croston,108.82787682515394,0.0
3F11579S10ZWG,08_tuned_capped_regression,Hurdle Random Forest threshold 0.15,98.71764481217296,Seasonal SBA Croston,107.145287028038,-8.427642215865035
3F11779S00000,08_tuned_capped_regression,Hurdle Random Forest threshold 0.15,100.0,Recent Mean 6m,102.1505376344086,-2.150537634408593
4161552R00000,08_tuned_capped_regression,Extra Trees log1p leaf2 sqrt,93.04063463043896,Aggregate Allocation,100.0,-6.959365369561041
4171080J00000,08_tuned_capped_regression,Extra Trees log1p leaf5 half features,103.94705880401646,SBA Croston,117.49938326957928,-13.552324465562819
41710M68K00000,06_intermittent_tournament,SBA Croston,133.17299240481717,SBA Croston,133.17299240481717,0.0
41710M76M00000,06_intermittent_tournament,SBA Croston,120.74100354165876,SBA Croston,120.74100354165876,0.0
41710M82000000,06_intermittent_tournament,SBA Croston,113.99118472001396,SBA Croston,113.99118472001396,0.0
4311052R71000,06_intermittent_tournament,Recent Mean 6m,106.89655172413794,Recent Mean 6m,106.89655172413794,0.0
4311078K00000,08_tuned_capped_regression,Hurdle Random Forest threshold 0.25,100.0,Recent Mean 6m,103.84615384615384,-3.8461538461538396
43110M75J80000-OP,08_tuned_capped_regression,Random Forest log1p leaf2 sqrt,126.41485029413593,SBA Croston,134.39794367386204,-7.983093379726114
432006682227S,06_intermittent_tournament,Recent Mean 6m,100.0,Recent Mean 6m,100.0,0.0
4321052R5027N,06_intermittent_tournament,SBA Croston,103.88811621429026,SBA Croston,103.88811621429026,0.0
4321052S0039M,08_tuned_capped_regression,Hist Poisson lr03 nodes15 reg20,93.99384801609366,SBA Croston,96.18991292245806,-2.1960649063643984
4321053R100CE,08_tuned_capped_regression,Extra Trees log1p leaf5 half features,88.63455473941283,SBA Croston,95.37001582040004,-6.735461080987207
4321057M100BK,06_intermittent_tournament,Hurdle Random Forest,95.26826862216969,Hurdle Random Forest,95.26826862216969,0.0
4321061J01ZBP,08_tuned_capped_regression,Random Forest log1p leaf2 sqrt,109.4319832338393,TSB,115.26716964407254,-5.835186410233234
4321064J01ZBP,08_tuned_capped_regression,Hurdle Random Forest threshold 0.35,100.14249689687037,TSB,114.88482263070344,-14.74232573383307
4321068LA0ZA8,08_tuned_capped_regression,Random Forest log1p leaf2 sqrt,76.02327156311821,SBA Croston,87.24794616940827,-11.224674606290051
4321071L91QC8,08_tuned_capped_regression,Hurdle Random Forest threshold 0.25,100.0,TSB,105.94570923606308,-5.945709236063081
4321078K6027N,08_tuned_capped_regression,Hurdle Random Forest threshold 0.35,104.97781606551922,Recent Mean 6m,106.94444444444444,-1.966628378925222
4321079K510BK,08_tuned_capped_regression,Hurdle Random Forest threshold 0.35,114.15879676268139,SBA Croston,121.40960508539466,-7.250808322713269
4321080S6027N,08_tuned_capped_regression,XGBoost Tweedie depth2 reg20 cap15,98.74760259485572,SBA Croston,101.72176308539946,-2.9741604905437384
43210M55R6027N,06_intermittent_tournament,SBA Croston,100.96618006838716,SBA Croston,100.96618006838716,0.0
43210M55RH1QC8,08_tuned_capped_regression,Extra Trees log1p leaf5 half features,81.78045914601256,SBA Croston,96.93575661353955,-15.155297467526992
43210M62S0009L,08_tuned_capped_regression,Hurdle Random Forest threshold 0.15,100.0,Hurdle Random Forest,100.5490332587381,-0.5490332587381062
43210M62S620CB,08_tuned_capped_regression,Extra Trees log1p leaf5 half features,86.94112639006238,Aggregate Allocation,92.61040074201505,-5.669274351952666
43210M68K1109L,06_intermittent_tournament,SBA Croston,108.74797212945272,SBA Croston,108.74797212945272,0.0
43210M74T50QC8,08_tuned_capped_regression,Hist Poisson lr05 nodes31 reg05,99.87121261562302,SBA Croston,100.0,-0.12878738437697734
43210M76M5127N,06_intermittent_tournament,SBA Croston,112.19066238100596,SBA Croston,112.19066238100596,0.0
43210M76T50QC8,08_tuned_capped_regression,Extra Trees log1p leaf5 half features,91.1100484407989,TSB,93.05365456979368,-1.943606128994773
43210M79G5339M,06_intermittent_tournament,SBA Croston,90.93668525738664,SBA Croston,90.93668525738664,0.0
43210M83P0027N,08_tuned_capped_regression,Random Forest log1p leaf2 sqrt,102.9047730213485,SBA Croston,126.09386870960871,-23.18909568826021
4325065DA1C48,08_tuned_capped_regression,Hurdle Random Forest threshold 0.25,105.59903017691045,TSB,111.07248950940884,-5.473459332498393
4325079P00ZH1,08_tuned_capped_regression,Random Forest log1p leaf2 sqrt,96.62305141028202,SBA Croston,111.75771055738409,-15.13465914710207
43250M53M0027N,06_intermittent_tournament,SBA Croston,100.0,SBA Croston,100.0,0.0
43250M53T0027N,08_tuned_capped_regression,Hurdle XGBoost threshold 0.10,87.35067758443593,Aggregate Allocation,100.0,-12.649322415564072
43250M68K1027N,06_intermittent_tournament,SBA Croston,106.00756874718802,SBA Croston,106.00756874718802,0.0
43250M68K2027N,06_intermittent_tournament,SBA Croston,101.01522057065598,SBA Croston,101.01522057065598,0.0
43250M74L0027N,08_tuned_capped_regression,Extra Trees log1p leaf10 sqrt,89.16092075771525,SBA Croston,91.22772655361436,-2.066805795899114
43250M74L1027N,06_intermittent_tournament,SBA Croston,118.16004768395088,SBA Croston,118.16004768395088,0.0
43250M79G6027N,06_intermittent_tournament,SBA Croston,82.08995945824005,SBA Croston,82.08995945824005,0.0
43250M79M0027N,06_intermittent_tournament,SBA Croston,103.7407927134148,SBA Croston,103.7407927134148,0.0
4325251K20DB7,08_tuned_capped_regression,Hurdle XGBoost threshold 0.30,128.73785332726035,SBA Croston,139.73195581530064,-10.994102488040284
4325261J0027S,08_tuned_capped_regression,Hurdle Random Forest threshold 0.15,100.0,Recent Mean 6m,120.4861111111111,-20.4861111111111
4325283S00CZ2,06_intermittent_tournament,Recent Mean 6m,115.34869976359336,Recent Mean 6m,115.34869976359336,0.0
43402M74L21000,08_tuned_capped_regression,Random Forest log1p leaf2 sqrt,73.83921767006548,SBA Croston,110.13878739243891,-36.299569722373434
4342386G01000,08_tuned_capped_regression,Extra Trees log1p leaf5 sqrt,98.40526713872926,SBA Croston,121.69045672081069,-23.28518958208143
4345965J00000,08_tuned_capped_regression,Hurdle Random Forest threshold 0.35,100.0,Recent Mean 6m,109.35374149659866,-9.353741496598659
44119M53M00000,08_tuned_capped_regression,Hurdle Random Forest threshold 0.15,100.0,Hurdle Random Forest,100.0,0.0
48150M53M10C48,08_tuned_capped_regression,Hurdle XGBoost threshold 0.10,80.0195159203436,Hurdle Random Forest,101.06612704437164,-21.046611124028047
48150M68P00C48,06_intermittent_tournament,TSB,103.48997633576184,TSB,103.48997633576184,0.0
48150M69R00C48,08_tuned_capped_regression,Random Forest log1p leaf2 sqrt,71.73237480829769,SBA Croston,98.48577667323302,-26.753401864935327
48150M79M11C48,07_clean_regression,Direct Hist Gradient Poisson,103.33931675839656,TSB,105.0126867837868,-1.6733700253902413
4982162A51000,08_tuned_capped_regression,Hurdle Random Forest threshold 0.35,100.0,TSB,106.32763059835982,-6.327630598359818
5730073R02000,08_tuned_capped_regression,Random Forest log1p leaf2 sqrt,73.05584414462805,SBA Croston,92.5888743280206,-19.53303018339254
5730079P02000,06_intermittent_tournament,SBA Croston,97.69387699298576,SBA Croston,97.69387699298576,0.0
57300M66L00000,06_intermittent_tournament,SBA Croston,102.24727059618505,SBA Croston,102.24727059618505,0.0
57300M68K10000,06_intermittent_tournament,SBA Croston,105.72840162740106,SBA Croston,105.72840162740106,0.0
57300M74T00000,08_tuned_capped_regression,Extra Trees log1p leaf5 sqrt,82.220028300936,Hurdle Random Forest,84.91020468744225,-2.690176386506252
57300M75T00000,08_tuned_capped_regression,Extra Trees log1p leaf2 sqrt,91.03848373091621,Aggregate Allocation,100.0,-8.961516269083788
5741079P00000,08_tuned_capped_regression,Random Forest log1p leaf2 sqrt,91.8199425006848,SBA Croston,113.06264563402644,-21.242703133341635
57410M67P00000,06_intermittent_tournament,SBA Croston,90.09712840696778,SBA Croston,90.09712840696778,0.0
5742071L01000,06_intermittent_tournament,SBA Croston,100.77486934496876,SBA Croston,100.77486934496876,0.0
57611M68K10000,06_intermittent_tournament,SBA Croston,93.6338944202878,SBA Croston,93.6338944202878,0.0
57711M66L00000,06_intermittent_tournament,SBA Croston,101.33117943118673,SBA Croston,101.33117943118673,0.0
57711M79G10000,08_tuned_capped_regression,Random Forest log1p leaf2 sqrt,102.35079507872074,TSB,115.60511221290366,-13.254317134182926
5811077K00000,06_intermittent_tournament,SBA Croston,117.46154328827542,SBA Croston,117.46154328827542,0.0
58110M74L00000,06_intermittent_tournament,SBA Croston,101.41986736145248,SBA Croston,101.41986736145248,0.0
5812165J00000,06_intermittent_tournament,SBA Croston,131.67260638096204,SBA Croston,131.67260638096204,0.0
5823054P00000,08_tuned_capped_regression,Random Forest log1p leaf2 sqrt,100.43777995643273,SBA Croston,117.10955115652388,-16.671771200091143
5823065J00000,08_tuned_capped_regression,Random Forest log1p leaf2 sqrt,89.57444060575351,SBA Croston,100.36259519987524,-10.788154594121735
58230M79G01000,06_intermittent_tournament,SBA Croston,100.29152362334992,SBA Croston,100.29152362334992,0.0
58240M53M00000,06_intermittent_tournament,SBA Croston,99.17360399771955,SBA Croston,99.17360399771955,0.0
58240M67P00000,06_intermittent_tournament,SBA Croston,95.64112296963368,SBA Croston,95.64112296963368,0.0
58251M53M00000,08_tuned_capped_regression,Random Forest log1p leaf2 sqrt,82.39743214810514,SBA Croston,98.47535356535488,-16.07792141724974
5827080J20000,06_intermittent_tournament,SBA Croston,112.29625308924628,SBA Croston,112.29625308924628,0.0
61513M56R01000,08_tuned_capped_regression,Hurdle Random Forest threshold 0.35,100.0,TSB,111.56642543298284,-11.56642543298284
64111M56R01P21,06_intermittent_tournament,Recent Mean 6m,101.25,Recent Mean 6m,101.25,0.0
65500M75L00000,08_tuned_capped_regression,Hurdle Random Forest threshold 0.35,122.5857025037485,Recent Mean 6m,123.2843137254902,-0.6986112217417002
65500M79M00000,06_intermittent_tournament,TSB,127.5546517019369,TSB,127.5546517019369,0.0
6570079P11000,06_intermittent_tournament,SBA Croston,102.93072892658066,SBA Croston,102.93072892658066,0.0
65700M72P00000,06_intermittent_tournament,SBA Croston,88.88556188873326,SBA Croston,88.88556188873326,0.0
6800153R00000,08_tuned_capped_regression,Extra Trees log1p leaf10 sqrt,76.95365951827307,SBA Croston,86.00316439660799,-9.049504878334915
6800164J01000,06_intermittent_tournament,SBA Croston,101.47792311253508,SBA Croston,101.47792311253508,0.0
68001M53M50000,06_intermittent_tournament,SBA Croston,133.5288781684791,SBA Croston,133.5288781684791,0.0
68001M74L21000,06_intermittent_tournament,SBA Croston,100.45976595446407,SBA Croston,100.45976595446407,0.0
68001M75T00000,08_tuned_capped_regression,Extra Trees log1p leaf5 sqrt,99.83000706376879,Aggregate Allocation,100.0,-0.16999293623121048
6800261M01000,08_tuned_capped_regression,Random Forest log1p leaf2 sqrt,63.28239236442956,SBA Croston,92.437060092805,-29.154667728375436
6800271L00000,06_intermittent_tournament,SBA Croston,107.91871229859863,SBA Croston,107.91871229859863,0.0
6800280820000,08_tuned_capped_regression,Random Forest log1p leaf2 sqrt,92.54448575696262,SBA Croston,129.55139280008234,-37.006907043119725
68002M53M00000,06_intermittent_tournament,SBA Croston,96.68045978363725,SBA Croston,96.68045978363725,0.0
68002M74L31000,08_tuned_capped_regression,Random Forest log1p leaf2 sqrt,77.48163342782681,SBA Croston,81.37167460752025,-3.8900411796934407
68002M75T00000,08_tuned_capped_regression,Extra Trees log1p leaf5 sqrt,85.97460580168524,Aggregate Allocation,100.0,-14.025394198314757
68002M79G01000,06_intermittent_tournament,Recent Mean 6m,100.60975609756098,Recent Mean 6m,100.60975609756098,0.0
68003M74L31000,06_intermittent_tournament,SBA Croston,103.07574794846306,SBA Croston,103.07574794846306,0.0
6910077R14000,06_intermittent_tournament,Hurdle Random Forest,100.0,Hurdle Random Forest,100.0,0.0
69100M66L01000,08_tuned_capped_regression,Hurdle Random Forest threshold 0.25,89.43335430534893,Recent Mean 6m,107.8125,-18.379145694651072
69100M66L21000,08_tuned_capped_regression,Hurdle XGBoost threshold 0.10,84.32387025506316,SBA Croston,100.186127971688,-15.862257716624839
6932068LA0000,08_tuned_capped_regression,Extra Trees log1p leaf2 sqrt,109.13066872902344,SBA Croston,109.90383333210544,-0.7731646030819945
69330M74L00000,08_tuned_capped_regression,Hurdle Random Forest threshold 0.35,100.0,Recent Mean 6m,109.81012658227849,-9.810126582278485
69410M74L00000,08_tuned_capped_regression,Hurdle Random Forest threshold 0.15,99.06124976388156,TSB,110.87266489759156,-11.81141513371
6942063J00000,08_tuned_capped_regression,Hurdle Random Forest threshold 0.35,100.0,SBA Croston Tuned,126.48686569550811,-26.486865695508115
69430M74L00000,08_tuned_capped_regression,Hurdle Random Forest threshold 0.25,100.0,TSB,108.57080032552147,-8.570800325521475
71074M79M00C48,06_intermittent_tournament,Hurdle Random Forest,95.9775794294918,Hurdle Random Forest,95.9775794294918,0.0
71091M843005PK,08_tuned_capped_regression,Extra Trees log1p leaf5 half features,128.68191841501528,SBA Croston,131.87462442126665,-3.1927060062513704
7112073R00000,08_tuned_capped_regression,Hurdle XGBoost threshold 0.10,99.26253760014106,TSB,107.5623049918898,-8.299767391748745
7148176J00000,06_intermittent_tournament,Hurdle Random Forest,100.0,Hurdle Random Forest,100.0,0.0
7170059810T2G,06_intermittent_tournament,Hurdle Random Forest,100.0,Hurdle Random Forest,100.0,0.0
7171152S005PK,08_tuned_capped_regression,Random Forest log1p leaf2 sqrt,62.095299401047136,SBA Croston Tuned,73.92945562016214,-11.834156219115009
7171154L30799,06_intermittent_tournament,SBA Croston,105.37630856134248,SBA Croston,105.37630856134248,0.0
7171161J00799,06_intermittent_tournament,SBA Croston,102.78475644033378,SBA Croston,102.78475644033378,0.0
7171163T20799,06_intermittent_tournament,SBA Croston,101.1574074074074,SBA Croston,101.1574074074074,0.0
7171171L00799,06_intermittent_tournament,SBA Croston,103.33987493998194,SBA Croston,103.33987493998194,0.0
7171177K70799,08_tuned_capped_regression,Hurdle Random Forest threshold 0.25,100.0,Recent Mean 6m,103.64427860696516,-3.644278606965159
7171177KD0799,08_tuned_capped_regression,Hurdle Random Forest threshold 0.25,100.0,TSB,108.2833421526776,-8.283342152677605
7171181A405PK,06_intermittent_tournament,Hurdle Random Forest,100.0,Hurdle Random Forest,100.0,0.0
71711M53M005PK,06_intermittent_tournament,SBA Croston,91.63332442496748,SBA Croston,91.63332442496748,0.0
71711M53M00799,06_intermittent_tournament,SBA Croston,100.93019045652024,SBA Croston,100.93019045652024,0.0
71711M73T015PK,08_tuned_capped_regression,Hist Poisson lr05 nodes31 reg05,85.51854536886594,Aggregate Allocation,100.0,-14.481454631134056
71711M76M00799,06_intermittent_tournament,SBA Croston,109.25526759654998,SBA Croston,109.25526759654998,0.0
71711M79G105PK,06_intermittent_tournament,SBA Croston,99.15081220365086,SBA Croston,99.15081220365086,0.0
7171284A10W07,08_tuned_capped_regression,Hurdle Random Forest threshold 0.35,111.71123052409544,SBA Croston Tuned,118.34709330584232,-6.63586278174688
7171284A20W07,06_intermittent_tournament,Hurdle Random Forest,100.0,Hurdle Random Forest,100.0,0.0
71712M60MA05PK,08_tuned_capped_regression,Random Forest log1p leaf2 sqrt,81.25095050632632,SBA Croston,90.00303745982949,-8.752086953503166
71712M69T005PK,08_tuned_capped_regression,Random Forest log1p leaf4 sqrt,86.73104960751343,Aggregate Allocation,100.0,-13.268950392486573
71712M74T005PK,08_tuned_capped_regression,Random Forest log1p leaf2 sqrt,61.65291284476518,SBA Croston,101.16768841394828,-39.5147755691831
7171584A00ZM2,08_tuned_capped_regression,Random Forest log1p leaf2 sqrt,86.0052807257943,SBA Croston,112.08388548332938,-26.07860475753509
7171754GA0000,06_intermittent_tournament,SBA Croston,112.17243336307516,SBA Croston,112.17243336307516,0.0
71721M76M005PK,08_tuned_capped_regression,Hurdle Random Forest threshold 0.15,100.0,Hurdle Random Forest,100.0,0.0
71722M76T005PK,08_tuned_capped_regression,Extra Trees log1p leaf5 half features,95.52326034544522,TSB,95.92948252399772,-0.40622217855249687
71731M60M00000,08_tuned_capped_regression,Random Forest log1p leaf2 sqrt,64.08184652924672,SBA Croston,92.24223600259768,-28.16038947335096
7173263T00000,08_tuned_capped_regression,Random Forest log1p leaf2 sqrt,98.06183209195086,Aggregate Allocation,101.92837375312646,-3.866541661175603
7173277M10000,08_tuned_capped_regression,Random Forest log1p leaf2 sqrt,77.43419141778368,SBA Croston,90.30296723277635,-12.868775814992674
71732M75T00000,08_tuned_capped_regression,Hist Poisson lr03 nodes15 reg20,92.34146338039862,Aggregate Allocation,100.0,-7.658536619601378
71732M76T01000,08_tuned_capped_regression,Random Forest log1p leaf2 sqrt,86.90756478023037,Aggregate Allocation,99.06295465290503,-12.155389872674661
7173368L00000,08_tuned_capped_regression,Random Forest log1p leaf2 sqrt,72.57482437506184,SBA Croston,109.03771128463926,-36.46288690957742
71734M58R00000,08_tuned_capped_regression,Random Forest log1p leaf2 sqrt,99.314007174323,SBA Croston,113.39731154511006,-14.083304370787062
71736M74T00000,08_tuned_capped_regression,Extra Trees log1p leaf5 sqrt,43.04457907132071,Hurdle Random Forest,84.08118261845023,-41.036603547129516
7174050U10CUG,08_tuned_capped_regression,Hist Poisson lr03 nodes15 reg20,98.90954580101759,SBA Croston,100.0,-1.090454198982414
7174063T00EJ1,06_intermittent_tournament,SBA Croston,100.84064021783576,SBA Croston,100.84064021783576,0.0
71740M50S00C48,08_tuned_capped_regression,Hurdle Random Forest threshold 0.35,107.21932131011665,SBA Croston,114.78174062880284,-7.562419318686182
71740M68P20C48,06_intermittent_tournament,Recent Mean 6m,100.0,Recent Mean 6m,100.0,0.0
71740M74T00C48,08_tuned_capped_regression,Extra Trees log1p leaf5 half features,83.1918468977874,TSB,91.71141830268672,-8.519571404899324
71740M74T20KDJ,08_tuned_capped_regression,Extra Trees log1p leaf5 half features,88.98035498259505,TSB,91.87154346590908,-2.891188483314039
7174173K005PK,06_intermittent_tournament,SBA Croston,102.33660268029602,SBA Croston,102.33660268029602,0.0
71741M66L005PK,06_intermittent_tournament,SBA Croston,109.5199855980926,SBA Croston,109.5199855980926,0.0
71741M79G10000,06_intermittent_tournament,SBA Croston,114.58523324306162,SBA Croston,114.58523324306162,0.0
7174265J010PG,08_tuned_capped_regression,Random Forest log1p leaf2 sqrt,109.26802408281497,SBA Croston,114.432659218806,-5.16463513599102
71742M53M100CB,08_tuned_capped_regression,Hurdle Random Forest threshold 0.25,100.0,Hurdle Random Forest,100.20556646742976,-0.2055664674297617
71742M79G000PG,06_intermittent_tournament,SBA Croston,114.28276598450108,SBA Croston,114.28276598450108,0.0
71743M53M100CB,08_tuned_capped_regression,Hurdle Random Forest threshold 0.25,100.0,Recent Mean 6m,102.19969969969968,-2.1996996996996785
71744M53M00000,08_tuned_capped_regression,Random Forest log1p leaf2 sqrt,109.38234680516882,SBA Croston,126.4229140919945,-17.040567286825677
71750M55T30C48,06_intermittent_tournament,Recent Mean 6m,82.0194202742904,Recent Mean 6m,82.0194202742904,0.0
7175160B00000,06_intermittent_tournament,SBA Croston,100.0,SBA Croston,100.0,0.0
7175163J105PK,08_tuned_capped_regression,Hurdle Random Forest threshold 0.35,90.12328595340314,Recent Mean 6m,119.29012345679013,-29.166837503386986
7175173K105PK,06_intermittent_tournament,SBA Croston,96.47125694166992,SBA Croston,96.47125694166992,0.0
71751M50S005PK,08_tuned_capped_regression,Random Forest log1p leaf2 sqrt,108.7471037598565,SBA Croston,112.59605771884168,-3.8489539589851773
71751M67P005PK,06_intermittent_tournament,SBA Croston,120.52009069272704,SBA Croston,120.52009069272704,0.0
71751M68K005PK,06_intermittent_tournament,SBA Croston,102.71844521848494,SBA Croston,102.71844521848494,0.0
71751M75T105PK,06_intermittent_tournament,Aggregate Allocation,100.0,Aggregate Allocation,100.0,0.0
71751M76MB0ZNZ,06_intermittent_tournament,SBA Croston,105.63038094032018,SBA Croston,105.63038094032018,0.0
71751M76T005PK,08_tuned_capped_regression,Random Forest log1p leaf2 sqrt,39.3815521061793,Aggregate Allocation,99.87677461751716,-60.49522251133786
71751M79G10000,06_intermittent_tournament,SBA Croston,103.34446855940476,SBA Croston,103.34446855940476,0.0
7175260B00000,06_intermittent_tournament,SBA Croston,100.0,SBA Croston,100.0,0.0
7175360B00000,06_intermittent_tournament,SBA Croston,100.0,SBA Croston,100.0,0.0
7176060P205PK,06_intermittent_tournament,SBA Croston,99.81305611681805,SBA Croston,99.81305611681805,0.0
7176160MB05PK,08_tuned_capped_regression,Random Forest log1p leaf2 sqrt,101.15704553727238,SBA Croston,104.7260723467705,-3.569026809498112
7176171L105PK,08_tuned_capped_regression,Random Forest log1p leaf2 sqrt,73.85320452844971,SBA Croston,100.747018566893,-26.893814038443296
7176173K105PK,08_tuned_capped_regression,Random Forest log1p leaf2 sqrt,77.5497131112734,SBA Croston,98.7083750847035,-21.1586619734301
71761M55T105PK,08_tuned_capped_regression,Hist Poisson lr03 nodes15 reg20,82.27071473385173,TSB,86.63433546413296,-4.363620730281227
71761M68K005PK,06_intermittent_tournament,SBA Croston,103.58549345189589,SBA Croston,103.58549345189589,0.0
71761M75L005PK,06_intermittent_tournament,Recent Mean 6m,125.17921146953408,Recent Mean 6m,125.17921146953408,0.0
71761M75L105PK,06_intermittent_tournament,SBA Croston,103.42069398385108,SBA Croston,103.42069398385108,0.0
71761M75T105PK,08_tuned_capped_regression,Extra Trees log1p leaf2 sqrt,58.655624107793216,Aggregate Allocation,100.0,-41.344375892206784
71761M76MB0ZNZ,08_tuned_capped_regression,Extra Trees log1p leaf5 sqrt,111.47791828753675,SBA Croston,121.48945361681464,-10.01153532927789
7177161M005PK,08_tuned_capped_regression,Random Forest log1p leaf2 sqrt,108.69236868350787,SBA Croston,116.44523037050492,-7.752861686997051
71772M74T00000,08_tuned_capped_regression,Hist Poisson lr02 nodes15 reg30,94.56622667713133,Aggregate Allocation,100.0,-5.433773322868674
71781M66L00000,06_intermittent_tournament,SBA Croston,100.66042248371964,SBA Croston,100.66042248371964,0.0
7178254P00000,08_tuned_capped_regression,Hurdle Random Forest threshold 0.35,107.43184427165164,TSB,112.01434008924886,-4.58249581759722
7178277KA05PK,08_tuned_capped_regression,Random Forest log1p leaf2 sqrt,109.38506098997982,SBA Croston,121.6668282315848,-12.281767241604982
7179086R10C48,06_intermittent_tournament,SBA Croston,97.27072872455231,SBA Croston,97.27072872455231,0.0
7179154P00000,08_tuned_capped_regression,XGBoost Tweedie depth2 reg20 cap15,118.84613608065725,SBA Croston,126.9904229227628,-8.144286842105558
7181165DD1799,08_tuned_capped_regression,Hurdle Random Forest threshold 0.15,100.0,SBA Croston,106.95224327826368,-6.95224327826368
7181172L10799,08_tuned_capped_regression,Random Forest log1p leaf2 sqrt,82.48163301347839,Recent Mean 6m,105.14835858585856,-22.666725572380173
7181177MJ0799,06_intermittent_tournament,SBA Croston,126.50124283837742,SBA Croston,126.50124283837742,0.0
7181180J20799,06_intermittent_tournament,SBA Croston,102.62578706950018,SBA Croston,102.62578706950018,0.0
71811M68P20799,06_intermittent_tournament,Recent Mean 6m,100.0,Recent Mean 6m,100.0,0.0
71811M68P30799,06_intermittent_tournament,Aggregate Allocation,105.76899284017122,Aggregate Allocation,105.76899284017122,0.0
71811M79G005PK,06_intermittent_tournament,SBA Croston,99.31970908093317,SBA Croston,99.31970908093317,0.0
71812M66L00000,06_intermittent_tournament,SBA Croston,100.71529937586809,SBA Croston,100.71529937586809,0.0
71813M66L00000,06_intermittent_tournament,SBA Croston,105.08964103808889,SBA Croston,105.08964103808889,0.0
7182163J00000,06_intermittent_tournament,SBA Croston,105.04347636408416,SBA Croston,105.04347636408416,0.0
71821M60M00000,08_tuned_capped_regression,Random Forest log1p leaf2 sqrt,91.78888505408696,SBA Croston,107.65197876916288,-15.86309371507592
7182263J00000,06_intermittent_tournament,SBA Croston,106.62686762885636,SBA Croston,106.62686762885636,0.0
71831M74T00000,08_tuned_capped_regression,Hurdle XGBoost threshold 0.10,90.51520114392947,Aggregate Allocation,100.0,-9.484798856070526
71831M76T00000,06_intermittent_tournament,TSB,90.67587096455752,TSB,90.67587096455752,0.0
7183263J00000,08_tuned_capped_regression,Hurdle Random Forest threshold 0.35,100.0,Recent Mean 6m,114.58333333333331,-14.583333333333314
7185160G00000,08_tuned_capped_regression,Extra Trees log1p leaf5 sqrt,97.21834184783228,SBA Croston,100.9272907910525,-3.7089489432202214
7185261J01000,08_tuned_capped_regression,Random Forest log1p leaf2 sqrt,57.36825370841372,SBA Croston,100.29201902095728,-42.923765312543566
7187161M005PK,08_tuned_capped_regression,XGBoost Tweedie depth2 reg20 cap15,102.63693032117592,SBA Croston,110.58920123915392,-7.952270917977998
7211062R00ES5,06_intermittent_tournament,SBA Croston,112.97059208143888,SBA Croston,112.97059208143888,0.0
7211157M005PK,08_tuned_capped_regression,XGBoost Tweedie depth2 reg20 cap15,100.54719760196241,SBA Croston,103.06872015619209,-2.5215225542296764
72111M8440009E,06_intermittent_tournament,SBA Croston,122.33604456917044,SBA Croston,122.33604456917044,0.0
72111M8450009E,06_intermittent_tournament,SBA Croston,137.46337216803798,SBA Croston,137.46337216803798,0.0
7211254GB0Z2S,08_tuned_capped_regression,Hurdle XGBoost threshold 0.20,86.37391313338497,Recent Mean 6m,100.43859649122808,-14.064683357843109
7211281A005PK,08_tuned_capped_regression,XGBoost Tweedie depth2 reg20 cap15,115.509470258775,SBA Croston,134.08402011130838,-18.57454985253338
72211M60M005PK,08_tuned_capped_regression,Hurdle Random Forest threshold 0.35,100.0,TSB,144.99419764360138,-44.99419764360138
72221M56R005PK,06_intermittent_tournament,SBA Croston,95.17107074007292,SBA Croston,95.17107074007292,0.0
72311M68P01000,08_tuned_capped_regression,Random Forest log1p leaf2 sqrt,57.61270102043284,SBA Croston,86.93652284767506,-29.323821827242227
7231282K00000,08_tuned_capped_regression,Hurdle Random Forest threshold 0.25,100.0,Recent Mean 6m,108.1081081081081,-8.108108108108098
72312M79M00000,06_intermittent_tournament,Hurdle Random Forest,99.7623262219754,Hurdle Random Forest,99.7623262219754,0.0
72320M80T00000,08_tuned_capped_regression,Hurdle XGBoost threshold 0.10,84.27227368573587,Aggregate Allocation,100.0,-15.727726314264132
72321M76T00000,06_intermittent_tournament,TSB,97.1885543550082,TSB,97.1885543550082,0.0
72321M79G00000,06_intermittent_tournament,SBA Croston,113.13503302051204,SBA Croston,113.13503302051204,0.0
7232353R00000,08_tuned_capped_regression,Extra Trees log1p leaf5 half features,100.36026383929503,SBA Croston,101.80311381160118,-1.4428499723061492
72330M74L005PK,08_tuned_capped_regression,Random Forest log1p leaf2 sqrt,101.46165905953818,SBA Croston,116.16307275244084,-14.701413692902662
72333M76M005PK,06_intermittent_tournament,SBA Croston,105.46282634234154,SBA Croston,105.46282634234154,0.0
72361M79M00000,08_tuned_capped_regression,Hurdle Random Forest threshold 0.25,100.0,SBA Croston,100.40312421264802,-0.40312421264802367
72372M74L105PK,06_intermittent_tournament,SBA Croston,97.28298006557776,SBA Croston,97.28298006557776,0.0
72381M80T10000,08_tuned_capped_regression,Random Forest log1p leaf8 sqrt,81.8866376580093,Aggregate Allocation,100.0,-18.113362341990694
7239071L00000,06_intermittent_tournament,SBA Croston,117.79455252581953,SBA Croston,117.79455252581953,0.0
72390M76T00000,08_tuned_capped_regression,Random Forest log1p leaf2 sqrt,53.95221825746057,SBA Croston,99.47968588357,-45.52746762610943
7243179M00000,08_tuned_capped_regression,Random Forest log1p leaf2 sqrt,60.774939274880275,SBA Croston,92.1644789175989,-31.389539642718624
72432M74T00000,07_clean_regression,Direct XGBoost Tweedie,82.50058229620969,TSB,88.50820647916666,-6.007624182956974
7246073R00000,06_intermittent_tournament,SBA Croston,111.09887151255695,SBA Croston,111.09887151255695,0.0
7246079P00000,06_intermittent_tournament,SBA Croston,99.76452371704468,SBA Croston,99.76452371704468,0.0
72460M60M00000,08_tuned_capped_regression,Random Forest log1p leaf2 sqrt,63.838076551555694,SBA Croston,101.11222409766737,-37.27414754611167
72520M68P02000,08_tuned_capped_regression,XGBoost Tweedie depth2 reg20 cap15,72.71175309461518,SBA Croston,108.69804778632478,-35.9862946917096
7252261M00000,08_tuned_capped_regression,Random Forest log1p leaf2 sqrt,103.22007570105141,Recent Mean 6m,117.75067750677506,-14.530601805723649
72821M76MA0000,08_tuned_capped_regression,Extra Trees log1p leaf5 half features,96.3440196423079,SBA Croston,99.45079043515923,-3.1067707928513357
7283165D10000,06_intermittent_tournament,Recent Mean 6m,100.0,Recent Mean 6m,100.0,0.0
7283181A01000,06_intermittent_tournament,SBA Croston,100.54009928295643,SBA Croston,100.54009928295643,0.0
7287078A33000,08_tuned_capped_regression,Random Forest log1p leaf4 sqrt,125.1419234876893,TSB,128.51817504711198,-3.376251559422684
73111M62S515PK,08_tuned_capped_regression,Extra Trees log1p leaf5 half features,108.35277286902853,SBA Croston,108.81310731515202,-0.46033444612349683
73310M68P61C8J,06_intermittent_tournament,SBA Croston,97.52671468904036,SBA Croston,97.52671468904036,0.0
73310M68P61GJL,06_intermittent_tournament,SBA Croston,124.20634584209344,SBA Croston,124.20634584209344,0.0
73410M74L105PK,08_tuned_capped_regression,Hurdle Random Forest threshold 0.25,90.30639850959585,TSB,111.54034301529796,-21.233944505702112
73412M53M10U3J,06_intermittent_tournament,SBA Croston,137.51546073944235,SBA Croston,137.51546073944235,0.0
7343061J00R8H,06_intermittent_tournament,SBA Croston,115.76455081105154,SBA Croston,115.76455081105154,0.0
7361052R005PK,08_tuned_capped_regression,Hurdle Random Forest threshold 0.15,99.86434136106816,SBA Croston,100.0,-0.1356586389318437
7361075H015PK,06_intermittent_tournament,Recent Mean 6m,100.0478927203065,Recent Mean 6m,100.0478927203065,0.0
73610M68P00C48,08_tuned_capped_regression,Random Forest log1p leaf2 sqrt,96.25887155027863,SBA Croston,100.462048191657,-4.203176641378377
73630M76M01GJL,06_intermittent_tournament,TSB,117.87708711260012,TSB,117.87708711260012,0.0
73820M55R60PSG,08_tuned_capped_regression,Random Forest log1p leaf2 sqrt,113.15094190827207,SBA Croston,126.8784071610812,-13.727465252809125
7382273R505PK,08_tuned_capped_regression,Hurdle Random Forest threshold 0.15,100.0,TSB,106.7227516336989,-6.7227516336989055
7382276J00ZCP,08_tuned_capped_regression,Hurdle Random Forest threshold 0.15,100.0,SBA Croston,100.4965382817983,-0.4965382817982942
73841M68P60C8J,06_intermittent_tournament,SBA Croston,98.52320951617492,SBA Croston,98.52320951617492,0.0
73841M68P60GJL,06_intermittent_tournament,SBA Croston,108.0813529863865,SBA Croston,108.0813529863865,0.0
73910M68P01000,06_intermittent_tournament,SBA Croston,95.72069791374126,SBA Croston,95.72069791374126,0.0
74120M74LA0000,08_tuned_capped_regression,Extra Trees log1p leaf10 sqrt,103.81239358644402,SBA Croston,104.2712635205713,-0.4588699341272786
74120M79G00000,06_intermittent_tournament,SBA Croston,125.9531538633032,SBA Croston,125.9531538633032,0.0
74461M74L00V6N,08_tuned_capped_regression,Extra Trees log1p leaf5 sqrt,91.95443663140726,SBA Croston,94.99904228631074,-3.044605654903478
74461M76M00000,08_tuned_capped_regression,Hurdle Random Forest threshold 0.15,79.35129967762239,SBA Croston,89.04835869924027,-9.697059021617875
75110M76T60R3F,08_tuned_capped_regression,Random Forest log1p leaf2 sqrt,73.14685413156181,Boosted SBA Hybrid,91.71958347738,-18.57272934581819
75139M70F005PK,08_tuned_capped_regression,Hurdle Random Forest threshold 0.25,94.5614269616293,SBA Croston,100.0,-5.438573038370706
75430M76M00000,06_intermittent_tournament,SBA Croston,97.65448675042704,SBA Croston,97.65448675042704,0.0
75463M75J00000,08_tuned_capped_regression,Random Forest log1p leaf2 sqrt,96.23335628133066,SBA Croston,112.9651102448683,-16.731753963537642
75463M79G00000,06_intermittent_tournament,SBA Croston,127.48745654078546,SBA Croston,127.48745654078546,0.0
7552171L00000,06_intermittent_tournament,SBA Croston,98.3130518920495,SBA Croston,98.3130518920495,0.0
7594165J00000,06_intermittent_tournament,SBA Croston,105.69149874311744,SBA Croston,105.69149874311744,0.0
7615181A01P4Z,06_intermittent_tournament,SBA Croston,107.18679994864402,SBA Croston,107.18679994864402,0.0
7615181A01T01,06_intermittent_tournament,Hurdle Random Forest,100.0,Hurdle Random Forest,100.0,0.0
76237M70F005PK,08_tuned_capped_regression,Hurdle Random Forest threshold 0.35,100.0,Recent Mean 6m,140.0,-40.0
76295M53M10P4Z,08_tuned_capped_regression,Hurdle Random Forest threshold 0.15,104.92063697889496,SBA Croston Tuned,126.9171196503898,-21.99648267149483
7666179P005PK,06_intermittent_tournament,SBA Croston,98.03089940408417,SBA Croston,98.03089940408417,0.0
76661M75L005PK,08_tuned_capped_regression,Hurdle Random Forest threshold 0.15,65.0669828821204,SBA Croston,102.36785631044631,-37.300873428325914
7672157L005PK,08_tuned_capped_regression,Random Forest log1p leaf2 sqrt,86.41660796034762,SBA Croston,109.04368412897,-22.62707616862238
77141M55T000CB,08_tuned_capped_regression,Extra Trees log1p leaf5 half features,91.69535632475865,SBA Croston,92.31254237055366,-0.6171860457950089
77146M50S000CB,06_intermittent_tournament,SBA Croston,113.47049998498645,SBA Croston,113.47049998498645,0.0
77171M68L00000,08_tuned_capped_regression,Hurdle Random Forest threshold 0.35,115.56260620550525,TSB,120.73040473438638,-5.167798528881136
77181M68K005PK,06_intermittent_tournament,SBA Croston,107.02889504315516,SBA Croston,107.02889504315516,0.0
77181M76M005PK,08_tuned_capped_regression,XGBoost Tweedie depth2 reg20 cap15,84.3928738478468,SBA Croston,108.32538470614654,-23.932510858299736
77210M76T015PK,06_intermittent_tournament,TSB,96.43347328814036,TSB,96.43347328814036,0.0
77220M74T005PK,08_tuned_capped_regression,Random Forest log1p leaf2 sqrt,67.37226408882162,TSB,93.08056333177316,-25.70829924295154
77221M55T00799,08_tuned_capped_regression,Extra Trees log1p leaf5 half features,88.6973948371736,TSB,88.94438238605537,-0.2469875488817621
77230M75L000PG,08_tuned_capped_regression,Random Forest log1p leaf2 sqrt,76.37899118130102,SBA Croston,94.65966139551692,-18.280670214215903
7724054P105PK,08_tuned_capped_regression,Random Forest log1p leaf2 sqrt,107.98721126827148,SBA Croston,130.97208636528865,-22.984875097017166
7724061M005PK,08_tuned_capped_regression,Hurdle Random Forest threshold 0.25,95.86909949652383,Hurdle Random Forest,111.72976094994732,-15.86066145342349
77250M74T005PK,08_tuned_capped_regression,Random Forest log1p leaf2 sqrt,68.81040280511584,TSB,97.56660525695426,-28.75620245183842
77250M79M100PG,08_tuned_capped_regression,Hurdle Random Forest threshold 0.35,100.0,TSB,115.23729791480883,-15.237297914808835
77510M73T005PK,08_tuned_capped_regression,Hist Poisson lr05 nodes31 reg05,75.26331654184779,Recent Mean 6m,98.84880315762668,-23.58548661577889
7752061M005PK,06_intermittent_tournament,SBA Croston,103.36874628750944,SBA Croston,103.36874628750944,0.0
77540M74T005PK,06_intermittent_tournament,TSB,89.18660934484903,TSB,89.18660934484903,0.0
7755078K000PG,08_tuned_capped_regression,Random Forest log1p leaf2 sqrt,60.73615698884625,SBA Croston Tuned,77.16681444121743,-16.43065745237118
7755365D00000,06_intermittent_tournament,Hurdle Random Forest,100.0,Hurdle Random Forest,100.0,0.0
7756178R005PK,06_intermittent_tournament,Hurdle Random Forest,99.91166254998473,Hurdle Random Forest,99.91166254998473,0.0
7758064J10Z2S,08_tuned_capped_regression,XGBoost Tweedie depth2 reg20 cap15,81.7464285184807,SBA Croston,94.50386674917688,-12.75743823069618
7781163J200PG,08_tuned_capped_regression,XGBoost Tweedie depth2 reg20 cap15,66.55208338613707,Seasonal SBA Croston,83.15418172254284,-16.602098336405774
77811M58J100PG,06_intermittent_tournament,SBA Croston,100.7232677188592,SBA Croston,100.7232677188592,0.0
7783179J000PG,08_tuned_capped_regression,Hurdle Random Forest threshold 0.35,100.14951675615809,TSB,105.97042984374646,-5.820913087588366
77831M79M000PG,08_tuned_capped_regression,Extra Trees log1p leaf5 half features,106.75604584786866,TSB,111.24073251386515,-4.484686665996492
77831M80E50000,08_tuned_capped_regression,Hurdle Random Forest threshold 0.35,105.4201414796494,TSB,110.15309494861478,-4.732953468965377
77831M80EC00PG,06_intermittent_tournament,SBA Croston,102.12291982306176,SBA Croston,102.12291982306176,0.0
7783278R000PG,08_tuned_capped_regression,Hurdle XGBoost threshold 0.20,91.49106681014659,SBA Croston,105.97257612677684,-14.481509316630252
77832M67P000PG,08_tuned_capped_regression,Random Forest log1p leaf2 sqrt,105.6580460147012,SBA Croston,117.1208983504166,-11.462852335715397
7784161M00A93,08_tuned_capped_regression,Hurdle Random Forest threshold 0.35,105.64222631750864,SBA Croston Tuned,115.5885057539171,-9.94627943640846
7813257L01000,06_intermittent_tournament,SBA Croston,120.31576696394362,SBA Croston,120.31576696394362,0.0
7821565J105PK,08_tuned_capped_regression,XGBoost Tweedie depth2 reg20 cap15,112.84999779293956,SBA Croston,115.79100000850524,-2.9410022155656748
7821965J105PK,08_tuned_capped_regression,Extra Trees log1p leaf5 half features,130.4762583288228,TSB,157.71933617702967,-27.243077848206866
7822565J105PK,06_intermittent_tournament,SBA Croston Tuned,134.05873718192032,SBA Croston Tuned,134.05873718192032,0.0
7877361M00000,08_tuned_capped_regression,Hurdle Random Forest threshold 0.25,100.0,TSB,108.622793042593,-8.622793042593003
8143061A00000,08_tuned_capped_regression,Hurdle Random Forest threshold 0.35,100.0,TSB,139.82222184402005,-39.82222184402005
8181065J02000,08_tuned_capped_regression,Random Forest log1p leaf4 sqrt,89.44769020520762,SBA Croston,92.12189283906324,-2.6742026338556144
8181086R00000,06_intermittent_tournament,SBA Croston,87.7961394139729,SBA Croston,87.7961394139729,0.0
81810M55T01000,07_clean_regression,Direct XGBoost Tweedie,82.88403162782335,Recent Mean 6m,88.1105911563658,-5.226559528542452
8183065J02000,08_tuned_capped_regression,Hurdle XGBoost threshold 0.30,96.69035078370091,TSB,127.94310657325816,-31.252755789557256
8185080G00000,08_tuned_capped_regression,Hurdle Random Forest threshold 0.25,98.542596050814,Seasonal SBA Croston,110.07899434522898,-11.53639829441498
81850M67P00000,08_tuned_capped_regression,Hurdle Random Forest threshold 0.15,100.0,TSB,104.10582089768104,-4.105820897681042
81850M74L00000,08_tuned_capped_regression,Random Forest log1p leaf2 sqrt,89.4964551454314,SBA Croston,100.89773900634816,-11.401283860916763
81850M79G10000,06_intermittent_tournament,Recent Mean 6m,125.39983164983164,Recent Mean 6m,125.39983164983164,0.0
81850M79G20000,06_intermittent_tournament,SBA Croston,139.20425161208263,SBA Croston,139.20425161208263,0.0
81860M67P00000,08_tuned_capped_regression,Hurdle Random Forest threshold 0.15,100.0,Hurdle Random Forest,104.03636082638634,-4.036360826386343
81860M79G10000,06_intermittent_tournament,SBA Croston Tuned,124.49628842844729,SBA Croston Tuned,124.49628842844729,0.0
8211065J01000,06_intermittent_tournament,SBA Croston,97.20127784372208,SBA Croston,97.20127784372208,0.0
82110M55T10000,08_tuned_capped_regression,Extra Trees log1p leaf5 half features,71.87798247320806,Recent Mean 6m,78.22721702317291,-6.349234549964848
82150M820005ES,06_intermittent_tournament,Recent Mean 6m,104.46428571428572,Recent Mean 6m,104.46428571428572,0.0
82160M67P10000,08_tuned_capped_regression,Hurdle Random Forest threshold 0.25,100.0,Recent Mean 6m,115.31531531531532,-15.315315315315317
8220061870000,06_intermittent_tournament,SBA Croston,100.0,SBA Croston,100.0,0.0
82200M84880000,08_tuned_capped_regression,Hurdle Random Forest threshold 0.35,100.0,TSB,109.97483180063958,-9.974831800639578
8228061810000,08_tuned_capped_regression,Hurdle Random Forest threshold 0.35,97.77207866075685,Recent Mean 6m,115.75520833333334,-17.983129672576496
8228076872000,08_tuned_capped_regression,Hurdle Random Forest threshold 0.35,101.20556010626143,TSB,113.99469120737363,-12.789131101112204
82280M79811000,08_tuned_capped_regression,Random Forest log1p leaf2 sqrt,70.2940161862722,SBA Croston,97.88666039777588,-27.592644211503682
82302M68P15000,08_tuned_capped_regression,XGBoost Tweedie depth2 reg20 cap15,94.0983550035859,SBA Croston,104.82652672265016,-10.728171719064264
82504M84500000,08_tuned_capped_regression,Random Forest log1p leaf2 sqrt,116.84560768841742,TSB,132.33553962299538,-15.489931934577967
82510M53M00000,08_tuned_capped_regression,Random Forest log1p leaf2 sqrt,90.68706560449661,SBA Croston,115.80033846786507,-25.113272863368465
82510M60M51000,08_tuned_capped_regression,Random Forest log1p leaf2 sqrt,98.1539660051179,SBA Croston,115.92572399927498,-17.771757994157085
82510M75T20000,08_tuned_capped_regression,Extra Trees log1p leaf5 half features,64.97883586281489,Aggregate Allocation,100.0,-35.02116413718511
82570M53810000,08_tuned_capped_regression,Random Forest log1p leaf2 sqrt,70.60983522830746,SBA Croston,93.36359559326226,-22.7537603649548
82570M53M00000,08_tuned_capped_regression,Random Forest log1p leaf2 sqrt,74.59608378112245,SBA Croston,103.65659008950765,-29.0605063083852
82651M74K00000,08_tuned_capped_regression,Hurdle Random Forest threshold 0.25,88.42050588501533,Aggregate Allocation,96.3380267485004,-7.917520863485066
8276161A00000,08_tuned_capped_regression,Hurdle Random Forest threshold 0.35,101.63804817808251,Recent Mean 6m,128.84990253411306,-27.211854356030543
82811M75J00000,08_tuned_capped_regression,Random Forest log1p leaf2 sqrt,99.19888235632675,SBA Croston,104.97353455305203,-5.774652196725285
8281257LA0ZNL,08_tuned_capped_regression,Hurdle XGBoost threshold 0.30,100.32252846260334,TSB,110.58977073129992,-10.267242268696577
82814M75J00000,06_intermittent_tournament,SBA Croston,112.84009187974716,SBA Croston,112.84009187974716,0.0
82840M68P005PK,06_intermittent_tournament,Hurdle Random Forest,100.0,Hurdle Random Forest,100.0,0.0
8285081A125PK,06_intermittent_tournament,Hurdle Random Forest,100.10057492708404,Hurdle Random Forest,100.10057492708404,0.0
8285081A225PK,08_tuned_capped_regression,Hurdle Random Forest threshold 0.35,101.7406509638366,TSB,122.454913801672,-20.714262837835406
8296060G00T01,06_intermittent_tournament,Hurdle Random Forest,100.0,Hurdle Random Forest,100.0,0.0
82960M60G005ES,08_tuned_capped_regression,Random Forest log1p leaf2 sqrt,113.18770092844902,SBA Croston,120.02055801320884,-6.832857084759823
82960M60G00P4Z,06_intermittent_tournament,SBA Croston,105.9596312545258,SBA Croston,105.9596312545258,0.0
82960M60G00V6N,06_intermittent_tournament,Hurdle Random Forest,100.0,Hurdle Random Forest,100.0,0.0
8298265D00P4Z,08_tuned_capped_regression,XGBoost Tweedie depth2 reg20 cap15,119.84992667173579,TSB,196.0677410014077,-76.21781432967192
82982M65D00000,08_tuned_capped_regression,Extra Trees log1p leaf10 sqrt,102.06234925321061,SBA Croston,115.05650942589736,-12.994160172686748
82982M65D005PK,08_tuned_capped_regression,Extra Trees log1p leaf10 sqrt,96.37676516589151,SBA Croston,99.0004733482239,-2.6237081823323933
83101M53M10GCY,08_tuned_capped_regression,Hurdle Random Forest threshold 0.35,100.0,TSB,116.09753457249091,-16.097534572490915
8313063JC0C48,06_intermittent_tournament,SBA Croston,100.0,SBA Croston,100.0,0.0
83401M55R01000,08_tuned_capped_regression,Hurdle Random Forest threshold 0.35,104.19705554904837,Recent Mean 6m,121.8599033816425,-17.662847832594124
83402M79G50000,06_intermittent_tournament,SBA Croston,94.28228554906153,SBA Croston,94.28228554906153,0.0
8344060A00000,08_tuned_capped_regression,Hurdle Random Forest threshold 0.15,92.39803963993414,TSB,110.86393798310726,-18.465898343173123
8366152R01000,06_intermittent_tournament,SBA Croston,109.47821434767576,SBA Croston,109.47821434767576,0.0
83661M68P01000,06_intermittent_tournament,SBA Croston,101.17547001609906,SBA Croston,101.17547001609906,0.0
83665M68P01000,06_intermittent_tournament,SBA Croston,104.5213026641168,SBA Croston,104.5213026641168,0.0
83714M62B00000,08_tuned_capped_regression,Hurdle Random Forest threshold 0.35,100.0,Hurdle Random Forest,126.53447467927008,-26.534474679270076
83740M62S005PK,08_tuned_capped_regression,Hurdle Random Forest threshold 0.25,100.0,TSB,110.026059043612,-10.026059043611994
83755M74L005PK,08_tuned_capped_regression,Hurdle Random Forest threshold 0.35,104.75283926805862,Recent Mean 6m,107.33543417366948,-2.5825949056108612
83770M55T005PK,08_tuned_capped_regression,Hist Poisson lr03 nodes15 reg20,85.5816185703615,Aggregate Allocation,100.0,-14.418381429638501
8381065A00000,06_intermittent_tournament,Hurdle Random Forest,100.0,Hurdle Random Forest,100.0,0.0
8381152R02000,06_intermittent_tournament,SBA Croston,109.8534350505404,SBA Croston,109.8534350505404,0.0
8381165J00000,06_intermittent_tournament,SBA Croston,107.1977244369246,SBA Croston,107.1977244369246,0.0
8381173R00000,08_tuned_capped_regression,Hurdle XGBoost threshold 0.20,91.30325879743393,SBA Croston,105.96158165909414,-14.65832286166021
8381180J00000,08_tuned_capped_regression,Extra Trees log1p leaf5 sqrt,77.15370759279261,SBA Croston Tuned,87.96814443056068,-10.81443683776807
83811M68P00000,06_intermittent_tournament,SBA Croston,100.36295460340052,SBA Croston,100.36295460340052,0.0
83811M74L01000,08_tuned_capped_regression,Hurdle Random Forest threshold 0.35,109.04511550042173,TSB,113.63971635458172,-4.594600854159992
83811M79G11000,08_tuned_capped_regression,XGBoost Tweedie depth2 reg20 cap15,69.55597305734263,SBA Croston,100.16459079903602,-30.608617741693394
8382065A00000,06_intermittent_tournament,Hurdle Random Forest,100.0,Hurdle Random Forest,100.0,0.0
8382165J00000,06_intermittent_tournament,SBA Croston,103.42824461904554,SBA Croston,103.42824461904554,0.0
83821M74L01000,08_tuned_capped_regression,Extra Trees log1p leaf10 sqrt,83.00056552062426,Seasonal SBA Croston,83.73607819809092,-0.7355126774666587
83821M79G11000,06_intermittent_tournament,SBA Croston,103.13585686122072,SBA Croston,103.13585686122072,0.0
8383165J00000,06_intermittent_tournament,SBA Croston,115.32371309123978,SBA Croston,115.32371309123978,0.0
83831M79G00000,06_intermittent_tournament,SBA Croston,107.31199226052372,SBA Croston,107.31199226052372,0.0
8384165J00000,06_intermittent_tournament,SBA Croston,105.24778530599085,SBA Croston,105.24778530599085,0.0
83841M75T00000,08_tuned_capped_regression,Hist Poisson lr05 nodes31 reg05,97.61498204999246,Aggregate Allocation,100.0,-2.385017950007537
83841M79G01000,06_intermittent_tournament,SBA Croston,109.27070810822164,SBA Croston,109.27070810822164,0.0
8392165J010CB,06_intermittent_tournament,SBA Croston,98.93520137543752,SBA Croston,98.93520137543752,0.0
83922M68P000CB,06_intermittent_tournament,Seasonal SBA Croston,131.28505909813194,Seasonal SBA Croston,131.28505909813194,0.0
8392364J010CB,08_tuned_capped_regression,Hurdle Random Forest threshold 0.35,100.0,TSB,118.0849103850242,-18.0849103850242
8392471L200CE,06_intermittent_tournament,SBA Croston,114.80835641189036,SBA Croston,114.80835641189036,0.0
83924M74T000CB,08_tuned_capped_regression,Random Forest log1p leaf2 sqrt,68.81040280511584,TSB,93.75776954177898,-24.94736673666314
83924M76T100CB,06_intermittent_tournament,Recent Mean 6m,99.66485507246377,Recent Mean 6m,99.66485507246377,0.0
83932M75T000CB,08_tuned_capped_regression,Extra Trees log1p leaf5 sqrt,60.77201784481798,Aggregate Allocation,100.0,-39.22798215518202
83934M75T000CB,08_tuned_capped_regression,Extra Trees log1p leaf5 sqrt,60.77201784481798,Aggregate Allocation,100.0,-39.22798215518202
8394068L50000,08_tuned_capped_regression,Extra Trees log1p leaf5 half features,87.02801970029226,SBA Croston,94.13809944469332,-7.110079744401062
83940M55T010PG,08_tuned_capped_regression,Hist Poisson lr03 nodes15 reg20,79.58538549012505,Boosted SBA Hybrid,79.86783927359514,-0.2824537834700891
83940M74L00000,08_tuned_capped_regression,Hurdle Random Forest threshold 0.35,100.0,TSB,108.21205727489706,-8.212057274897063
83940M74T01ZHJ,08_tuned_capped_regression,Hurdle XGBoost threshold 0.20,100.0,Aggregate Allocation,100.0,0.0
83943M68P00000,06_intermittent_tournament,SBA Croston,149.37600521901942,SBA Croston,149.37600521901942,0.0
83970M55T00000,08_tuned_capped_regression,Random Forest log1p leaf2 sqrt,101.01121173243861,Aggregate Allocation,101.17680832446337,-0.1655965920247553
8450162R02000,08_tuned_capped_regression,Hurdle Random Forest threshold 0.35,100.0,TSB,115.19987837998254,-15.199878379982536
8450171L02000,08_tuned_capped_regression,Hurdle Random Forest threshold 0.35,100.0,TSB,112.27707962518694,-12.277079625186943
84501M56R00000,06_intermittent_tournament,SBA Croston,94.69465650085225,SBA Croston,94.69465650085225,0.0
8450373R00000,08_tuned_capped_regression,XGBoost Tweedie depth2 reg20 cap15,114.66458477308954,SBA Croston,117.91710769587984,-3.252522922790291
84503M62S00000,08_tuned_capped_regression,XGBoost Tweedie depth2 reg20 cap15,89.45949894356103,SBA Croston,93.9625695391566,-4.503070595595574
84503M80T20000,08_tuned_capped_regression,Extra Trees log1p leaf5 half features,86.74762248760776,Aggregate Allocation,100.0,-13.252377512392243
84504M68P00000,06_intermittent_tournament,SBA Croston,101.55606393475628,SBA Croston,101.55606393475628,0.0
8451061M02000,08_tuned_capped_regression,Random Forest log1p leaf2 sqrt,72.83077550763139,SBA Croston,91.78298055549276,-18.95220504786137
84510M76T21000,08_tuned_capped_regression,Random Forest log1p leaf2 sqrt,54.81179974261538,Aggregate Allocation,98.5195402784002,-43.70774053578482
84510M76T31000,08_tuned_capped_regression,Random Forest log1p leaf2 sqrt,88.90956987211864,Recent Mean 6m,98.7584068936528,-9.848837021534166
84510M80T11000,08_tuned_capped_regression,Extra Trees log1p leaf2 sqrt,53.45488350623838,Hurdle Random Forest,68.5921800511448,-15.137296544906413
84511M53M00000,08_tuned_capped_regression,Random Forest log1p leaf2 sqrt,43.9838516049198,SBA Croston,100.60842105143163,-56.624569446511835
84511M68K00000,06_intermittent_tournament,Seasonal SBA Croston,115.98524341622526,Seasonal SBA Croston,115.98524341622526,0.0
8454154P01000,08_tuned_capped_regression,Random Forest log1p leaf2 sqrt,98.49999150180369,SBA Croston,114.08538404745586,-15.58539254565217
84541M56R00000,08_tuned_capped_regression,Random Forest log1p leaf2 sqrt,76.44636231909229,SBA Croston,99.58530849209652,-23.13894617300423
84556M80T00000,08_tuned_capped_regression,Hist Poisson lr02 nodes15 reg30,84.44641156435301,Aggregate Allocation,100.0,-15.553588435646986
84570M62S10000,08_tuned_capped_regression,Random Forest log1p leaf2 sqrt,75.07951108029403,SBA Croston,94.0359142903877,-18.95640321009367
84570M67P10000,06_intermittent_tournament,SBA Croston,107.92519723469206,SBA Croston,107.92519723469206,0.0
84570M75T00000,06_intermittent_tournament,Aggregate Allocation,100.0,Aggregate Allocation,100.0,0.0
8458065J02000,08_tuned_capped_regression,Random Forest log1p leaf2 sqrt,76.14007517000367,SBA Croston,85.8731383020737,-9.73306313207003
8458080J01000,08_tuned_capped_regression,Hurdle Random Forest threshold 0.25,91.67412950097518,SBA Croston,114.14167401568864,-22.467544514713452
84611M76M00000,06_intermittent_tournament,SBA Croston,100.20286294532048,SBA Croston,100.20286294532048,0.0
84641M77G00000,08_tuned_capped_regression,Hurdle Random Forest threshold 0.25,100.0,Recent Mean 6m,106.79012345679013,-6.790123456790127
8470161LVBZJ3,06_intermittent_tournament,SBA Croston,102.22704845927258,SBA Croston,102.22704845927258,0.0
8470178R005PK,06_intermittent_tournament,SBA Croston,100.0,SBA Croston,100.0,0.0
8470181A015PK,06_intermittent_tournament,SBA Croston,115.40325463415856,SBA Croston,115.40325463415856,0.0
84701M53M005PK,08_tuned_capped_regression,Hurdle Random Forest threshold 0.35,103.06921080462573,SBA Croston,119.3532109205587,-16.28400011593297
84701M53T3026U,08_tuned_capped_regression,Hist Poisson lr03 nodes15 reg20,93.56699630519763,Aggregate Allocation,100.0,-6.433003694802366
84701M55TG0ZHJ,08_tuned_capped_regression,Extra Trees log1p leaf5 half features,90.06331906050671,Recent Mean 6m,93.89443277310924,-3.83111371260253
84701M56R50ZHJ,08_tuned_capped_regression,Extra Trees log1p leaf10 sqrt,96.24688915167748,SBA Croston,96.50015847069386,-0.2532693190163826
84701M67P30000,08_tuned_capped_regression,Random Forest log1p leaf2 sqrt,100.88424398497837,TSB,116.77393522343758,-15.889691238459207
84701M68K1026U,06_intermittent_tournament,SBA Croston,108.7764073446857,SBA Croston,108.7764073446857,0.0
84701M79G30000,06_intermittent_tournament,SBA Croston,96.07662695160283,SBA Croston,96.07662695160283,0.0
84701M80TA05PK,06_intermittent_tournament,Aggregate Allocation,100.87065321309365,Aggregate Allocation,100.87065321309365,0.0
84701M80TJ0WB3,08_tuned_capped_regression,Hurdle Random Forest threshold 0.25,72.45515482970231,Aggregate Allocation,100.0,-27.54484517029769
84701M84330000,06_intermittent_tournament,SBA Croston,101.97394923587332,SBA Croston,101.97394923587332,0.0
8470277A005PK,06_intermittent_tournament,Recent Mean 6m,122.85714285714286,Recent Mean 6m,122.85714285714286,0.0
8470281A215PK,06_intermittent_tournament,SBA Croston,100.09445100354192,SBA Croston,100.09445100354192,0.0
84702M53T005PK,08_tuned_capped_regression,Extra Trees log1p leaf5 half features,89.86437211654446,Recent Mean 6m,95.21929824561404,-5.354926129069582
84702M67P30000,06_intermittent_tournament,SBA Croston,116.42295980093591,SBA Croston,116.42295980093591,0.0
84702M67P4026U,06_intermittent_tournament,SBA Croston,92.35195706373813,SBA Croston,92.35195706373813,0.0
84702M68K1026U,06_intermittent_tournament,SBA Croston,103.20393393994136,SBA Croston,103.20393393994136,0.0
84702M74L215PK,06_intermittent_tournament,SBA Croston,99.3199423088572,SBA Croston,99.3199423088572,0.0
84702M80TA05PK,08_tuned_capped_regression,Hist Poisson lr05 nodes31 reg05,95.91611186543042,Aggregate Allocation,100.25332101693066,-4.3372091515002325
84702M80TJ0WB3,08_tuned_capped_regression,Hurdle XGBoost threshold 0.10,85.90856332411882,Boosted SBA Hybrid,97.4592418964035,-11.550678572284681
84702M84320000,06_intermittent_tournament,SBA Croston,115.4889724149043,SBA Croston,115.4889724149043,0.0
8470381A14V12,08_tuned_capped_regression,Hurdle Random Forest threshold 0.15,100.0,Hurdle Random Forest,100.0661113932697,-0.06611139326969351
8471573K00RX0OTS,08_tuned_capped_regression,Hurdle Random Forest threshold 0.35,100.0,SBA Croston,105.3742322926188,-5.3742322926187995
84728M80T005PK,08_tuned_capped_regression,Extra Trees log1p leaf2 sqrt,97.19181141797478,Aggregate Allocation,100.0,-2.808188582025224
8473077MB1000,08_tuned_capped_regression,Hurdle Random Forest threshold 0.25,92.09805292274402,TSB,108.66158621055452,-16.5635332878105
84730M55T00000,08_tuned_capped_regression,Random Forest log1p leaf2 sqrt,87.14662134185883,SBA Croston,98.65748183407324,-11.510860492214405
84730M56R00000,08_tuned_capped_regression,Hist Poisson lr03 nodes15 reg20,98.26480017000286,SBA Croston,99.09517312037786,-0.8303729503750077
84730M67P00000,06_intermittent_tournament,SBA Croston,104.53548871331964,SBA Croston,104.53548871331964,0.0
84730M74L20000,08_tuned_capped_regression,Random Forest log1p leaf2 sqrt,87.70329205725717,SBA Croston,101.83012562220088,-14.12683356494371
84730M74T00000,08_tuned_capped_regression,Hurdle Random Forest threshold 0.15,98.53350585442011,Aggregate Allocation,101.17848328229692,-2.6449774278768103
84730M76T00000,06_intermittent_tournament,Aggregate Allocation,103.82291855232796,Aggregate Allocation,103.82291855232796,0.0
84740M74L20000,08_tuned_capped_regression,Random Forest log1p leaf2 sqrt,88.1062531812673,SBA Croston,107.67807336863775,-19.57182018737045
84740M74T00000,08_tuned_capped_regression,Hurdle Random Forest threshold 0.15,98.77792154535008,SBA Croston,101.4132553606238,-2.635333815273711
84740M76T00000,06_intermittent_tournament,Aggregate Allocation,108.21167747152076,Aggregate Allocation,108.21167747152076,0.0
8480254P446GS,08_tuned_capped_regression,XGBoost Tweedie depth2 reg20 cap15,100.95503137939676,TSB,115.82677057979272,-14.871739200395965
8485165D006GS,08_tuned_capped_regression,Hurdle Random Forest threshold 0.15,100.0,Hurdle Random Forest,100.0,0.0
8485177K006GS,08_tuned_capped_regression,Extra Trees log1p leaf5 half features,105.29340477031377,SBA Croston,106.03023140233596,-0.7368266320221863
84901M56R63HLK,08_tuned_capped_regression,Hurdle Random Forest threshold 0.35,118.22325332905763,Recent Mean 6m,124.81481481481482,-6.591561485757197
84901M62S51BHE,08_tuned_capped_regression,Random Forest log1p leaf8 sqrt,81.91105610407293,SBA Croston,84.51018587999775,-2.5991297759248226
84902M62S43BHE,08_tuned_capped_regression,Extra Trees log1p leaf5 half features,80.48906689460985,SBA Croston,91.36698765386306,-10.877920759253215
85355M68PA1000,06_intermittent_tournament,SBA Croston,125.28078167190624,SBA Croston,125.28078167190624,0.0
8687761JA0000,08_tuned_capped_regression,Hurdle XGBoost threshold 0.20,89.07566579897839,Recent Mean 6m,100.0,-10.924334201021608
87205M79G51000,08_tuned_capped_regression,Random Forest log1p leaf4 sqrt,131.36762942834642,SBA Croston Tuned,166.86285589046634,-35.495226462119916
8721174G10P4Z,08_tuned_capped_regression,Hurdle XGBoost threshold 0.10,64.98654135233625,Recent Mean 6m,91.46666666666664,-26.480125314330394
8721176G11T01,08_tuned_capped_regression,Hurdle Random Forest threshold 0.35,105.84014927589836,Recent Mean 6m,110.04901960784314,-4.20887033194478
87211M76G00T01,08_tuned_capped_regression,Hurdle Random Forest threshold 0.35,100.0,Recent Mean 6m,109.7560975609756,-9.756097560975604
87286M81P00000,08_tuned_capped_regression,Hurdle Random Forest threshold 0.35,102.30866996039686,SBA Croston,105.97125889981224,-3.662588939415386
87491M68P105PK,06_intermittent_tournament,SBA Croston,102.13743405533974,SBA Croston,102.13743405533974,0.0
87991M68P105PK,08_tuned_capped_regression,Hist Poisson lr05 nodes31 reg05,95.26199491409011,SBA Croston,97.2990633023338,-2.0370683882436964
88912M76M00000,06_intermittent_tournament,Hurdle Random Forest,100.0,Hurdle Random Forest,100.0,0.0
88921M68P01000,08_tuned_capped_regression,Extra Trees log1p leaf5 half features,81.60259457508083,SBA Croston,90.38944575056462,-8.78685117548379
8926050J00000,06_intermittent_tournament,SBA Croston,98.49626634958508,SBA Croston,98.49626634958508,0.0
89267M60M00000,08_tuned_capped_regression,Extra Trees log1p leaf5 sqrt,81.33000222204451,Aggregate Allocation,100.0,-18.669997777955487
89969M52R00000,08_tuned_capped_regression,Extra Trees log1p leaf5 half features,82.48941380763037,SBA Croston,87.28891081638217,-4.7994970087518
89969M63J00000,07_clean_regression,Direct Random Forest log1p,86.91496251633133,TSB,90.82457305360828,-3.909610537276947
9531071L01000,08_tuned_capped_regression,Extra Trees log1p leaf10 sqrt,91.80841931556368,SBA Croston,95.08359956096731,-3.2751802454036323
95310M68K00000,06_intermittent_tournament,SBA Croston,101.54146728932638,SBA Croston,101.54146728932638,0.0
95310M75T00000,08_tuned_capped_regression,Extra Trees log1p leaf2 sqrt,78.20408575652023,Hurdle Random Forest,83.6007564978447,-5.3966707413244706
